# Generated by tools/build-guide-index.js from TourGuideVanilla (cralor, Tekkub, Road-block, rsheep) and VanillaGuide (mrmr, lanjelin; Joana/Mancow's and Brian Kopp's guides). Facts only. Do not edit by hand.
# guide (TG TourGuide, VG VanillaGuide) <TAB> faction <TAB> quest id <TAB> position in the guide <TAB> zone it is picked up in (empty: unknown) <TAB> races (* all, or a comma list) <TAB> what the guide does (A accept, C complete, T turn in, S skip)
TG	Alliance	179	1	Dun Morogh	Dwarf,Gnome	ACT
TG	Alliance	233	4	Dun Morogh	Dwarf,Gnome	AT
TG	Alliance	170	5	Dun Morogh	Dwarf,Gnome	ACT
TG	Alliance	3361	8	Dun Morogh	Dwarf,Gnome	AT
TG	Alliance	234	10	Dun Morogh	Dwarf,Gnome	AT
TG	Alliance	183	11	Dun Morogh	Dwarf,Gnome	ACT
TG	Alliance	182	15	Dun Morogh	Dwarf,Gnome	ACT
TG	Alliance	3364	16	Dun Morogh	Dwarf,Gnome	AT
TG	Alliance	3365	18	Dun Morogh	Dwarf,Gnome	AT
TG	Alliance	218	22	Dun Morogh	Dwarf,Gnome	ACT
TG	Alliance	282	25	Dun Morogh	Dwarf,Gnome	AT
TG	Alliance	420	28	Dun Morogh	Dwarf,Gnome	AT
TG	Alliance	2160	29	Dun Morogh	Dwarf,Gnome	AT
TG	Alliance	384	31	Dun Morogh	Dwarf,Gnome	AT
TG	Alliance	400	33	Dun Morogh	Dwarf,Gnome	AT
TG	Alliance	5541	35	Dun Morogh	Dwarf,Gnome	ACT
TG	Alliance	313	36	Dun Morogh	Dwarf,Gnome	ACT
TG	Alliance	317	37	Dun Morogh	Dwarf,Gnome	ACT
TG	Alliance	318	44	Dun Morogh	Dwarf,Gnome	AT
TG	Alliance	287	46	Dun Morogh	Dwarf,Gnome	ACT
TG	Alliance	412	47	Dun Morogh	Dwarf,Gnome	ACT
TG	Alliance	312	48	Dun Morogh	Dwarf,Gnome	ACT
TG	Alliance	319	52	Dun Morogh	Dwarf,Gnome	ACT
TG	Alliance	315	53	Dun Morogh	Dwarf,Gnome	ACT
TG	Alliance	310	54	Dun Morogh	Dwarf,Gnome	AT
TG	Alliance	320	59	Dun Morogh	Dwarf,Gnome	AT
TG	Alliance	413	60	Dun Morogh	Dwarf,Gnome	AT
TG	Alliance	311	62	Dun Morogh	Dwarf,Gnome	AT
TG	Alliance	291	67	Dun Morogh	Dwarf,Gnome	A
TG	Alliance	433	70	Dun Morogh	Dwarf,Gnome,Human	ACT
TG	Alliance	432	71	Dun Morogh	Dwarf,Gnome,Human	ACT
TG	Alliance	419	76	Dun Morogh	Dwarf,Gnome	AT
TG	Alliance	417	78	Dun Morogh	Dwarf,Gnome	ACT
TG	Alliance	414	82	Dun Morogh	Dwarf,Gnome	AT
TG	Alliance	224	83	Loch Modan	Dwarf,Gnome,Human	ACT
TG	Alliance	267	84	Loch Modan	Dwarf,Gnome,Human	ACT
TG	Alliance	237	89	Loch Modan	*	ACT
TG	Alliance	416	91	Loch Modan	*	ACT
TG	Alliance	1339	92	Loch Modan	Dwarf,Gnome,Human	AT
TG	Alliance	418	93	Loch Modan	*	ACT
TG	Alliance	6387	94	Loch Modan	Dwarf,Gnome	AT
TG	Alliance	1338	96	Loch Modan	*	AT
TG	Alliance	6391	98	Loch Modan	Dwarf,Gnome	AT
TG	Alliance	6388	100	Ironforge	Dwarf,Gnome	AT
TG	Alliance	6392	102	Ironforge	Dwarf,Gnome	AT
TG	Alliance	783	104	Elwynn Forest	Human	AT
TG	Alliance	7	106	Elwynn Forest	Human	ACT
TG	Alliance	5261	107	Elwynn Forest	Human	AT
TG	Alliance	33	109	Elwynn Forest	Human	ACT
TG	Alliance	18	113	Elwynn Forest	Human	ACT
TG	Alliance	15	115	Elwynn Forest	Human	ACT
TG	Alliance	6	119	Elwynn Forest	Human	ACT
TG	Alliance	3903	120	Elwynn Forest	Human	AT
TG	Alliance	21	122	Elwynn Forest	Human	ACT
TG	Alliance	3904	124	Elwynn Forest	Human	ACT
TG	Alliance	3905	128	Elwynn Forest	Human	AT
TG	Alliance	54	132	Elwynn Forest	Human	AT
TG	Alliance	2158	134	Elwynn Forest	Human	AT
TG	Alliance	62	136	Elwynn Forest	Human	ACT
TG	Alliance	47	137	Elwynn Forest	Human	ACT
TG	Alliance	60	138	Elwynn Forest	Human	ACT
TG	Alliance	85	140	Elwynn Forest	Human	AT
TG	Alliance	106	141	Elwynn Forest	Human	AT
TG	Alliance	86	143	Elwynn Forest	Human	ACT
TG	Alliance	84	146	Elwynn Forest	Human	AT
TG	Alliance	88	147	Elwynn Forest	Human	ACT
TG	Alliance	111	149	Elwynn Forest	Human	AT
TG	Alliance	107	151	Elwynn Forest	Human	AT
TG	Alliance	87	153	Elwynn Forest	Human	ACT
TG	Alliance	40	159	Elwynn Forest	Human	AT
TG	Alliance	35	161	Elwynn Forest	Human	AT
TG	Alliance	76	163	Elwynn Forest	Human	ACT
TG	Alliance	61	165	Elwynn Forest	Human	AT
TG	Alliance	112	167	Elwynn Forest	Human	ACT
TG	Alliance	37	171	Elwynn Forest	Human	AT
TG	Alliance	52	172	Elwynn Forest	Human	ACT
TG	Alliance	83	173	Elwynn Forest	Human	ACT
TG	Alliance	5545	174	Elwynn Forest	Human	ACT
TG	Alliance	45	176	Elwynn Forest	Human	AT
TG	Alliance	71	178	Elwynn Forest	Human	AT
TG	Alliance	184	183	Elwynn Forest	*	AT
TG	Alliance	39	185	Elwynn Forest	Human	AT
TG	Alliance	109	187	Elwynn Forest	*	AT
TG	Alliance	114	190	Elwynn Forest	Human	AT
TG	Alliance	59	192	Elwynn Forest	Human	AT
TG	Alliance	239	194	Elwynn Forest	Human	AT
TG	Alliance	1097	195	Elwynn Forest	Human	AT
TG	Alliance	11	199	Elwynn Forest	Human	ACT
TG	Alliance	176	200	Elwynn Forest	Human	ACT
TG	Alliance	64	202	Westfall	*	ACT
TG	Alliance	36	203	Westfall	*	AT
TG	Alliance	151	204	Westfall	*	ACT
TG	Alliance	38	206	Westfall	*	ACT
TG	Alliance	22	207	Westfall	*	ACT
TG	Alliance	9	208	Westfall	*	ACT
TG	Alliance	6181	211	Westfall	Human	AT
TG	Alliance	6281	213	Westfall	Human	AT
TG	Alliance	6261	216	Stormwind City	Human	AT
TG	Alliance	6285	218	Stormwind City	Human	AT
TG	Alliance	123	222	Elwynn Forest	Human	AT
TG	Alliance	147	226	Elwynn Forest	Human	ACT
TG	Alliance	46	229	Elwynn Forest	Human	ACT
TG	Alliance	244	235	Redridge Mountains	*	AT
TG	Alliance	353	238	Stormwind City	Human	AT
TG	Alliance	6661	239	Elwynn Forest	Human	ACT
TG	Alliance	436	265	Loch Modan	*	AT
TG	Alliance	456	266	Teldrassil	NightElf	ACT
TG	Alliance	457	269	Teldrassil	NightElf	ACT
TG	Alliance	458	270	Teldrassil	NightElf	AT
TG	Alliance	4495	271	Teldrassil	NightElf	AT
TG	Alliance	459	273	Teldrassil	NightElf	ACT
TG	Alliance	916	276	Teldrassil	NightElf	ACT
TG	Alliance	3519	280	Teldrassil	NightElf	AT
TG	Alliance	917	282	Teldrassil	NightElf	ACT
TG	Alliance	3521	285	Teldrassil	NightElf	AT
TG	Alliance	920	288	Teldrassil	NightElf	AT
TG	Alliance	921	290	Teldrassil	NightElf	ACT
TG	Alliance	3522	292	Teldrassil	NightElf	AT
TG	Alliance	928	296	Teldrassil	NightElf	AT
TG	Alliance	2159	297	Teldrassil	NightElf	AT
TG	Alliance	488	298	Teldrassil	NightElf	AT
TG	Alliance	929	301	Teldrassil	NightElf	ACT
TG	Alliance	997	302	Teldrassil	NightElf	AT
TG	Alliance	475	303	Teldrassil	NightElf	AT
TG	Alliance	2438	304	Teldrassil	NightElf	ACT
TG	Alliance	932	305	Teldrassil	NightElf	ACT
TG	Alliance	918	307	Teldrassil	NightElf	ACT
TG	Alliance	919	308	Teldrassil	NightElf	ACT
TG	Alliance	476	311	Teldrassil	NightElf	AT
TG	Alliance	933	314	Teldrassil	NightElf	ACT
TG	Alliance	483	316	Teldrassil	NightElf	AT
TG	Alliance	2459	318	Teldrassil	NightElf	AT
TG	Alliance	922	322	Teldrassil	NightElf	AT
TG	Alliance	489	325	Teldrassil	NightElf	ACT
TG	Alliance	487	329	Teldrassil	NightElf	ACT
TG	Alliance	930	331	Teldrassil	NightElf	AT
TG	Alliance	2541	334	Teldrassil	NightElf	ACT
TG	Alliance	2561	337	Teldrassil	NightElf	ACT
TG	Alliance	7383	341	Teldrassil	NightElf	ACT
TG	Alliance	486	343	Teldrassil	NightElf	ACT
TG	Alliance	6344	346	Darnassus	NightElf	AT
TG	Alliance	923	348	Darnassus	NightElf	ACT
TG	Alliance	2519	349	Darnassus	NightElf	AT
TG	Alliance	2518	351	Darnassus	NightElf	ACT
TG	Alliance	927	355	Teldrassil	NightElf	AT
TG	Alliance	937	356	Teldrassil	NightElf	ACT
TG	Alliance	938	357	Teldrassil	NightElf	ACT
TG	Alliance	931	358	Teldrassil	NightElf	AT
TG	Alliance	940	363	Teldrassil	NightElf	AT
TG	Alliance	2498	366	Darnassus	NightElf	AT
TG	Alliance	2520	368	Darnassus	NightElf	ACT
TG	Alliance	935	373	Teldrassil	NightElf	AT
TG	Alliance	2499	375	Teldrassil	NightElf	ACT
TG	Alliance	952	383	Darnassus	NightElf	AT
TG	Alliance	6341	385	Teldrassil	NightElf	AT
TG	Alliance	6342	387	Teldrassil	*	AT
TG	Alliance	3524	389	Darkshore	*	ACT
TG	Alliance	6343	391	Darkshore	*	AT
TG	Alliance	963	393	Darkshore	*	ACT
TG	Alliance	983	394	Darkshore	*	ACT
TG	Alliance	4811	395	Darkshore	*	ACT
TG	Alliance	947	396	Darkshore	*	ACT
TG	Alliance	1141	397	Darkshore	*	ACT
TG	Alliance	954	400	Darkshore	*	AT
TG	Alliance	958	401	Darkshore	*	ACT
TG	Alliance	2118	402	Darkshore	*	ACT
TG	Alliance	984	403	Darkshore	*	ACT
TG	Alliance	1001	407	Darkshore	*	ACT
TG	Alliance	4681	409	Darkshore	*	ACT
TG	Alliance	4723	413	Darkshore	*	AT
TG	Alliance	1002	415	Darkshore	*	ACT
TG	Alliance	955	417	Darkshore	*	ACT
TG	Alliance	956	420	Darkshore	*	ACT
TG	Alliance	957	423	Darkshore	*	ACT
TG	Alliance	953	426	Darkshore	*	AT
TG	Alliance	4812	434	Darkshore	*	AT
TG	Alliance	2138	436	Darkshore	*	ACT
TG	Alliance	985	438	Darkshore	*	ACT
TG	Alliance	4761	439	Darkshore	*	AT
TG	Alliance	965	440	Darkshore	*	AT
TG	Alliance	982	441	Darkshore	*	AT
TG	Alliance	4762	444	Darkshore	*	ACT
TG	Alliance	4725	447	Darkshore	*	AT
TG	Alliance	1003	450	Darkshore	*	ACT
TG	Alliance	4813	454	Darkshore	*	AT
TG	Alliance	4722	456	Darkshore	*	AT
TG	Alliance	4728	457	Darkshore	*	AT
TG	Alliance	1138	464	Darkshore	*	ACT
TG	Alliance	948	466	Darkshore	*	AT
TG	Alliance	729	468	Darkshore	*	AT
TG	Alliance	4763	470	Darkshore	*	ACT
TG	Alliance	2139	473	Darkshore	*	ACT
TG	Alliance	966	478	Darkshore	*	ACT
TG	Alliance	967	481	Darkshore	*	AT
TG	Alliance	4727	482	Darkshore	*	AT
TG	Alliance	12	498	Westfall	*	ACT
TG	Alliance	102	499	Westfall	*	AT
TG	Alliance	153	501	Westfall	*	ACT
TG	Alliance	13	514	Westfall	*	ACT
TG	Alliance	136	517	Westfall	*	AT
TG	Alliance	14	529	Westfall	*	ACT
TG	Alliance	65	530	Westfall	*	AT
TG	Alliance	246	533	Redridge Mountains	*	ACT
TG	Alliance	3741	534	Redridge Mountains	*	ACT
TG	Alliance	118	537	Redridge Mountains	*	AT
TG	Alliance	120	538	Redridge Mountains	*	AT
TG	Alliance	129	539	Redridge Mountains	*	AT
TG	Alliance	116	540	Redridge Mountains	*	AT
TG	Alliance	132	542	Redridge Mountains	*	AT
TG	Alliance	135	544	Westfall	*	AT
TG	Alliance	141	546	Stormwind City	*	AT
TG	Alliance	121	548	Stormwind City	*	AT
TG	Alliance	119	550	Elwynn Forest	*	AT
TG	Alliance	122	552	Redridge Mountains	*	ACT
TG	Alliance	143	554	Redridge Mountains	*	AT
TG	Alliance	144	556	Westfall	*	AT
TG	Alliance	142	558	Westfall	*	ACT
TG	Alliance	103	560	Westfall	*	ACT
TG	Alliance	138	564	Westfall	*	AT
TG	Alliance	139	566	Westfall	*	AT
TG	Alliance	140	568	Westfall	*	AT
TG	Alliance	155	571	Westfall	*	ACT
TG	Alliance	117	573	Westfall	*	AT
TG	Alliance	130	582	Redridge Mountains	*	AT
TG	Alliance	131	587	Redridge Mountains	*	AT
TG	Alliance	307	589	Loch Modan	*	ACT
TG	Alliance	297	596	Loch Modan	*	ACT
TG	Alliance	298	597	Loch Modan	*	AT
TG	Alliance	385	600	Loch Modan	*	ACT
TG	Alliance	257	601	Loch Modan	*	ACT
TG	Alliance	258	604	Loch Modan	*	ACT
TG	Alliance	271	607	Loch Modan	*	ACT
TG	Alliance	2038	608	Loch Modan	*	AT
TG	Alliance	250	611	Loch Modan	*	AT
TG	Alliance	199	613	Loch Modan	*	AT
TG	Alliance	301	616	Loch Modan	*	AT
TG	Alliance	531	621	Loch Modan	*	AT
TG	Alliance	2041	625	Ironforge	*	AT
TG	Alliance	125	632	Redridge Mountains	*	ACT
TG	Alliance	127	634	Redridge Mountains	*	ACT
TG	Alliance	92	637	Redridge Mountains	*	AT
TG	Alliance	124	646	Redridge Mountains	*	ACT
TG	Alliance	89	652	Redridge Mountains	*	ACT
TG	Alliance	126	669	Redridge Mountains	*	ACT
TG	Alliance	150	670	Redridge Mountains	*	ACT
TG	Alliance	4740	673	Darkshore	*	ACT
TG	Alliance	944	687	Darkshore	*	ACT
TG	Alliance	949	690	Darkshore	*	AT
TG	Alliance	950	692	Darkshore	*	AT
TG	Alliance	945	693	Darkshore	*	ACT
TG	Alliance	968	695	Darkshore	*	AT
TG	Alliance	731	697	Darkshore	*	ACT
TG	Alliance	4730	701	Darkshore	*	AT
TG	Alliance	951	706	Darkshore	*	ACT
TG	Alliance	5321	707	Darkshore	*	ACT
TG	Alliance	5713	708	Darkshore	*	ACT
TG	Alliance	970	715	Ashenvale	*	ACT
TG	Alliance	1010	716	Ashenvale	*	ACT
TG	Alliance	973	720	Ashenvale	*	ACT
TG	Alliance	1020	722	Ashenvale	*	AT
TG	Alliance	1008	724	Ashenvale	*	ACT
TG	Alliance	1070	725	Ashenvale	*	AT
TG	Alliance	1056	726	Ashenvale	*	AT
TG	Alliance	991	727	Ashenvale	*	AT
TG	Alliance	1054	728	Ashenvale	*	ACT
TG	Alliance	1033	730	Ashenvale	*	ACT
TG	Alliance	1007	731	Ashenvale	*	ACT
TG	Alliance	1009	734	Ashenvale	*	ACT
TG	Alliance	1023	739	Ashenvale	*	ACT
TG	Alliance	1024	742	Ashenvale	*	AT
TG	Alliance	1025	743	Ashenvale	*	ACT
TG	Alliance	1134	745	Ashenvale	*	ACT
TG	Alliance	1026	748	Ashenvale	*	ACT
TG	Alliance	1034	752	Ashenvale	*	ACT
TG	Alliance	1483	754	The Barrens	*	AT
TG	Alliance	1093	758	Stonetalon Mountains	*	ACT
TG	Alliance	1085	760	Stonetalon Mountains	*	AT
TG	Alliance	1071	762	Stonetalon Mountains	*	ACT
TG	Alliance	1072	767	Stonetalon Mountains	*	AT
TG	Alliance	741	772	Darkshore	*	AT
TG	Alliance	986	774	Darkshore	*	ACT
TG	Alliance	2098	777	Darkshore	*	AT
TG	Alliance	2078	780	Darkshore	*	ACT
TG	Alliance	993	784	Darkshore	*	AT
TG	Alliance	994	787	Darkshore	*	ACT
TG	Alliance	995	789	Darkshore	*	ACT
TG	Alliance	942	794	Darnassus	*	AT
TG	Alliance	1140	801	Ashenvale	*	AT
TG	Alliance	1016	803	Ashenvale	*	ACT
TG	Alliance	279	806	Wetlands	*	AT
TG	Alliance	484	807	Wetlands	*	ACT
TG	Alliance	288	808	Wetlands	*	AT
TG	Alliance	463	809	Wetlands	*	AT
TG	Alliance	943	811	Wetlands	*	ACT
TG	Alliance	289	813	Wetlands	*	ACT
TG	Alliance	470	814	Wetlands	*	ACT
TG	Alliance	473	815	Wetlands	*	AT
TG	Alliance	464	817	Wetlands	*	ACT
TG	Alliance	305	818	Wetlands	*	AT
TG	Alliance	294	819	Wetlands	*	ACT
TG	Alliance	306	821	Wetlands	*	AT
TG	Alliance	295	825	Wetlands	*	ACT
TG	Alliance	469	826	Wetlands	*	AT
TG	Alliance	276	828	Wetlands	*	ACT
TG	Alliance	277	831	Wetlands	*	ACT
TG	Alliance	275	836	Wetlands	*	ACT
TG	Alliance	281	839	Wetlands	*	AT
TG	Alliance	471	842	Wetlands	*	ACT
TG	Alliance	284	846	Wetlands	*	AT
TG	Alliance	285	848	Wetlands	*	AT
TG	Alliance	286	850	Wetlands	*	AT
TG	Alliance	299	854	Wetlands	*	AT
TG	Alliance	296	857	Wetlands	*	ACT
TG	Alliance	465	863	Wetlands	*	AT
TG	Alliance	290	868	Wetlands	*	ACT
TG	Alliance	1073	870	Ironforge	*	ACT
TG	Alliance	128	874	Redridge Mountains	*	ACT
TG	Alliance	20	875	Redridge Mountains	*	ACT
TG	Alliance	169	876	Redridge Mountains	*	A
TG	Alliance	91	878	Redridge Mountains	*	ACT
TG	Alliance	180	879	Redridge Mountains	*	ACT
TG	Alliance	34	880	Redridge Mountains	*	ACT
TG	Alliance	219	888	Redridge Mountains	*	ACT
TG	Alliance	178	896	Redridge Mountains	*	AT
TG	Alliance	66	900	Duskwood	*	AT
TG	Alliance	101	901	Duskwood	*	AT
TG	Alliance	56	902	Duskwood	*	ACT
TG	Alliance	67	904	Duskwood	*	AT
TG	Alliance	173	905	Duskwood	*	ACT
TG	Alliance	165	906	Duskwood	*	AT
TG	Alliance	164	907	Duskwood	*	AT
TG	Alliance	163	908	Duskwood	*	AT
TG	Alliance	174	909	Duskwood	*	ACT
TG	Alliance	175	912	Duskwood	*	AT
TG	Alliance	177	914	Duskwood	*	ACT
TG	Alliance	221	919	Duskwood	*	ACT
TG	Alliance	57	921	Duskwood	*	ACT
TG	Alliance	181	923	Duskwood	*	ACT
TG	Alliance	222	926	Duskwood	*	ACT
TG	Alliance	5	930	Duskwood	*	AT
TG	Alliance	148	933	Duskwood	*	AT
TG	Alliance	225	934	Duskwood	*	AT
TG	Alliance	95	936	Duskwood	*	AT
TG	Alliance	93	938	Duskwood	*	AT
TG	Alliance	240	940	Duskwood	*	AT
TG	Alliance	58	942	Duskwood	*	ACT
TG	Alliance	227	944	Duskwood	*	AT
TG	Alliance	149	948	Duskwood	*	AT
TG	Alliance	223	950	Duskwood	*	AT
TG	Alliance	154	954	Duskwood	*	AT
TG	Alliance	157	956	Duskwood	*	AT
TG	Alliance	230	958	Duskwood	*	AT
TG	Alliance	158	961	Duskwood	*	AT
TG	Alliance	262	964	Duskwood	*	AT
TG	Alliance	68	966	Westfall	*	AT
TG	Alliance	156	968	Duskwood	*	ACT
TG	Alliance	69	971	Duskwood	*	AT
TG	Alliance	265	973	Duskwood	*	AT
TG	Alliance	266	975	Duskwood	*	AT
TG	Alliance	453	977	Duskwood	*	AT
TG	Alliance	268	979	Duskwood	*	AT
TG	Alliance	323	981	Duskwood	*	ACT
TG	Alliance	269	985	Duskwood	*	AT
TG	Alliance	159	987	Duskwood	*	AT
TG	Alliance	133	989	Duskwood	*	ACT
TG	Alliance	134	992	Duskwood	*	ACT
TG	Alliance	160	995	Duskwood	*	AT
TG	Alliance	251	997	Duskwood	*	AT
TG	Alliance	401	999	Duskwood	*	AT
TG	Alliance	252	1001	Duskwood	*	AT
TG	Alliance	2923	1003	Stormwind City	*	AT
TG	Alliance	270	1005	Stormwind City	*	AT
TG	Alliance	1274	1006	Stormwind City	*	AT
TG	Alliance	1241	1008	Stormwind City	*	AT
TG	Alliance	337	1009	Duskwood	*	AT
TG	Alliance	538	1011	Stormwind City	*	AT
TG	Alliance	1242	1013	Stormwind City	*	AT
TG	Alliance	70	1015	Elwynn Forest	*	ACT
TG	Alliance	72	1018	Stormwind City	*	AT
TG	Alliance	74	1020	Stormwind City	*	AT
TG	Alliance	1243	1022	Stormwind City	*	AT
TG	Alliance	321	1024	Wetlands	*	AT
TG	Alliance	324	1026	Wetlands	*	ACT
TG	Alliance	322	1029	Wetlands	*	AT
TG	Alliance	4581	1030	Ashenvale	*	AT
TG	Alliance	1035	1033	Ashenvale	*	ACT
TG	Alliance	1022	1034	Ashenvale	*	ACT
TG	Alliance	1021	1035	Ashenvale	*	AT
TG	Alliance	1027	1046	Ashenvale	*	ACT
TG	Alliance	1031	1048	Ashenvale	*	ACT
TG	Alliance	1011	1051	Ashenvale	*	ACT
TG	Alliance	1012	1056	Ashenvale	*	AT
TG	Alliance	1028	1060	Ashenvale	*	AT
TG	Alliance	1055	1062	Ashenvale	*	AT
TG	Alliance	1029	1064	Ashenvale	*	AT
TG	Alliance	1030	1066	Ashenvale	*	AT
TG	Alliance	1045	1069	Ashenvale	*	ACT
TG	Alliance	1046	1072	Ashenvale	*	AT
TG	Alliance	1037	1075	Ashenvale	*	AT
TG	Alliance	1038	1079	Darnassus	*	AT
TG	Alliance	2925	1080	Darnassus	*	AT
TG	Alliance	1039	1082	Darnassus	*	AT
TG	Alliance	292	1091	Wetlands	*	AT
TG	Alliance	474	1093	Wetlands	*	ACT
TG	Alliance	293	1096	Wetlands	*	AT
TG	Alliance	472	1098	Wetlands	*	AT
TG	Alliance	631	1100	Wetlands	*	AT
TG	Alliance	632	1102	Arathi Highlands	*	AT
TG	Alliance	633	1104	Wetlands	*	ACT
TG	Alliance	634	1107	Wetlands	*	AT
TG	Alliance	647	1108	Arathi Highlands	*	AT
TG	Alliance	540	1111	Hillsbrad Foothills	*	A
TG	Alliance	555	1113	Hillsbrad Foothills	*	AT
TG	Alliance	536	1114	Hillsbrad Foothills	*	ACT
TG	Alliance	505	1115	Hillsbrad Foothills	*	ACT
TG	Alliance	564	1116	Hillsbrad Foothills	*	ACT
TG	Alliance	559	1119	Hillsbrad Foothills	*	ACT
TG	Alliance	560	1122	Hillsbrad Foothills	*	AT
TG	Alliance	561	1124	Hillsbrad Foothills	*	AT
TG	Alliance	562	1126	Hillsbrad Foothills	*	ACT
TG	Alliance	563	1129	Hillsbrad Foothills	*	AT
TG	Alliance	511	1130	Alterac Mountains	*	AT
TG	Alliance	510	1131	Alterac Mountains	*	AT
TG	Alliance	514	1135	Hillsbrad Foothills	*	AT
TG	Alliance	681	1140	Arathi Highlands	*	ACT
TG	Alliance	1453	1143	Ironforge	*	AT
TG	Alliance	1179	1147	Ironforge	*	AT
TG	Alliance	690	1148	Stormwind City	*	AT
TG	Alliance	75	1153	Elwynn Forest	*	ACT
TG	Alliance	78	1156	Elwynn Forest	*	AT
TG	Alliance	79	1158	Duskwood	*	AT
TG	Alliance	80	1160	Duskwood	*	AT
TG	Alliance	97	1162	Duskwood	*	AT
TG	Alliance	98	1164	Duskwood	*	ACT
TG	Alliance	203	1168	Stranglethorn Vale	*	ACT
TG	Alliance	204	1169	Stranglethorn Vale	*	AT
TG	Alliance	215	1170	Stranglethorn Vale	*	AT
TG	Alliance	210	1171	Stranglethorn Vale	*	AT
TG	Alliance	200	1173	Stranglethorn Vale	*	AT
TG	Alliance	328	1175	Stranglethorn Vale	*	AT
TG	Alliance	574	1179	Stranglethorn Vale	*	ACT
TG	Alliance	583	1180	Stranglethorn Vale	*	AT
TG	Alliance	194	1182	Stranglethorn Vale	*	ACT
TG	Alliance	185	1183	Stranglethorn Vale	*	ACT
TG	Alliance	190	1184	Stranglethorn Vale	*	ACT
TG	Alliance	186	1187	Stranglethorn Vale	*	ACT
TG	Alliance	187	1191	Stranglethorn Vale	*	ACT
TG	Alliance	191	1193	Stranglethorn Vale	*	ACT
TG	Alliance	195	1198	Stranglethorn Vale	*	ACT
TG	Alliance	188	1200	Stranglethorn Vale	*	ACT
TG	Alliance	192	1202	Stranglethorn Vale	*	ACT
TG	Alliance	616	1204	Stranglethorn Vale	*	AT
TG	Alliance	1100	1212	Thousand Needles	*	AT
TG	Alliance	1105	1215	Thousand Needles	*	ACT
TG	Alliance	1104	1216	Thousand Needles	*	ACT
TG	Alliance	1110	1217	Thousand Needles	*	ACT
TG	Alliance	1111	1218	Thousand Needles	*	AT
TG	Alliance	5762	1219	Thousand Needles	*	AT
TG	Alliance	1176	1220	Thousand Needles	*	ACT
TG	Alliance	1175	1221	Thousand Needles	*	ACT
TG	Alliance	1178	1229	Thousand Needles	*	AT
TG	Alliance	1106	1232	Thousand Needles	*	AT
TG	Alliance	1382	1238	Desolace	*	ACT
TG	Alliance	1387	1239	Desolace	*	ACT
TG	Alliance	1437	1240	Desolace	*	AT
TG	Alliance	1458	1242	Desolace	*	ACT
TG	Alliance	1454	1243	Desolace	*	AT
TG	Alliance	6141	1244		*	T
TG	Alliance	261	1245	Desolace	*	ACT
TG	Alliance	1465	1247	Desolace	*	AT
TG	Alliance	1438	1250	Desolace	*	AT
TG	Alliance	1459	1252	Desolace	*	ACT
TG	Alliance	5501	1253	Desolace	*	ACT
TG	Alliance	5561	1256	Desolace	*	ACT
TG	Alliance	1384	1262	Desolace	*	ACT
TG	Alliance	1455	1264	Desolace	*	AT
TG	Alliance	6161	1265	Desolace	*	AT
TG	Alliance	5741	1266	Desolace	*	ACT
TG	Alliance	1439	1268	Desolace	*	ACT
TG	Alliance	1440	1272	Desolace	*	ACT
TG	Alliance	1456	1275	Desolace	*	ACT
TG	Alliance	6027	1278	Desolace	*	ACT
TG	Alliance	1457	1288	Desolace	*	AT
TG	Alliance	1370	1290	Desolace	*	ACT
TG	Alliance	1373	1293	Desolace	*	ACT
TG	Alliance	1180	1295	The Barrens	*	AT
TG	Alliance	1112	1297	The Barrens	*	AT
TG	Alliance	1040	1299	The Barrens	*	AT
TG	Alliance	578	1303	Stranglethorn Vale	*	ACT
TG	Alliance	189	1304	Stranglethorn Vale	*	ACT
TG	Alliance	213	1305	Stranglethorn Vale	*	ACT
TG	Alliance	198	1306	Stranglethorn Vale	*	AT
TG	Alliance	201	1307	Stranglethorn Vale	*	ACT
TG	Alliance	605	1308	Stranglethorn Vale	*	ACT
TG	Alliance	1181	1310	Stranglethorn Vale	*	AT
TG	Alliance	1182	1312	Stranglethorn Vale	*	ACT
TG	Alliance	575	1313	Stranglethorn Vale	*	ACT
TG	Alliance	196	1344	Stranglethorn Vale	*	ACT
TG	Alliance	193	1348	Stranglethorn Vale	*	ACT
TG	Alliance	329	1367	Stranglethorn Vale	*	AT
TG	Alliance	330	1372	Stranglethorn Vale	*	AT
TG	Alliance	202	1374	Stranglethorn Vale	*	A
TG	Alliance	331	1376	Stranglethorn Vale	*	AT
TG	Alliance	601	1382	Stranglethorn Vale	*	ACT
TG	Alliance	1183	1384	Stranglethorn Vale	*	AT
TG	Alliance	577	1386	Stranglethorn Vale	*	ACT
TG	Alliance	707	1389	Ironforge	*	AT
TG	Alliance	525	1391	Ironforge	*	AT
TG	Alliance	500	1392	Hillsbrad Foothills	*	ACT
TG	Alliance	537	1394	Hillsbrad Foothills	*	AT
TG	Alliance	512	1395	Hillsbrad Foothills	*	ACT
TG	Alliance	551	1397	Alterac Mountains	*	AT
TG	Alliance	554	1400	Hillsbrad Foothills	*	AT
TG	Alliance	659	1408	Hillsbrad Foothills	*	AT
TG	Alliance	691	1410	Arathi Highlands	*	ACT
TG	Alliance	642	1411	Arathi Highlands	*	ACT
TG	Alliance	651	1414	Arathi Highlands	*	AT
TG	Alliance	658	1416	Arathi Highlands	*	ACT
TG	Alliance	693	1419	Arathi Highlands	*	ACT
TG	Alliance	663	1422	Arathi Highlands	*	AT
TG	Alliance	662	1424	Arathi Highlands	*	AT
TG	Alliance	665	1425	Arathi Highlands	*	ACT
TG	Alliance	664	1426	Arathi Highlands	*	ACT
TG	Alliance	666	1429	Arathi Highlands	*	AT
TG	Alliance	668	1434	Arathi Highlands	*	AT
TG	Alliance	669	1436	Arathi Highlands	*	AT
TG	Alliance	657	1440	Arathi Highlands	*	AT
TG	Alliance	660	1442	Arathi Highlands	*	ACT
TG	Alliance	661	1445	Arathi Highlands	*	AT
TG	Alliance	1260	1447	Stormwind City	*	AT
TG	Alliance	1114	1449	Thousand Needles	*	AT
TG	Alliance	1115	1451	Thousand Needles	*	AT
TG	Alliance	1107	1452		*	T
TG	Alliance	1186	1454	Thousand Needles	*	AT
TG	Alliance	1187	1456	Thousand Needles	*	ACT
TG	Alliance	1282	1457	Dustwallow Marsh	*	AT
TG	Alliance	1204	1459	Dustwallow Marsh	*	ACT
TG	Alliance	1218	1462	Dustwallow Marsh	*	AT
TG	Alliance	1206	1464	Dustwallow Marsh	*	ACT
TG	Alliance	1219	1465	Dustwallow Marsh	*	AT
TG	Alliance	1177	1467	Dustwallow Marsh	*	ACT
TG	Alliance	1253	1468	Dustwallow Marsh	*	AT
TG	Alliance	1284	1469	Dustwallow Marsh	*	AT
TG	Alliance	1252	1470	Dustwallow Marsh	*	AT
TG	Alliance	1220	1473	Dustwallow Marsh	*	AT
TG	Alliance	1259	1476	Dustwallow Marsh	*	AT
TG	Alliance	1319	1478	Dustwallow Marsh	*	AT
TG	Alliance	1285	1481	Dustwallow Marsh	*	AT
TG	Alliance	1320	1483	Dustwallow Marsh	*	AT
TG	Alliance	1286	1486	Dustwallow Marsh	*	AT
TG	Alliance	1222	1490	Dustwallow Marsh	*	ACT
TG	Alliance	1287	1494	Dustwallow Marsh	*	AT
TG	Alliance	1258	1498	Dustwallow Marsh	*	ACT
TG	Alliance	595	1499	Stranglethorn Vale	*	AT
TG	Alliance	606	1500	Stranglethorn Vale	*	ACT
TG	Alliance	600	1501	Stranglethorn Vale	*	ACT
TG	Alliance	1116	1503	Stranglethorn Vale	*	ACT
TG	Alliance	209	1504	Stranglethorn Vale	*	ACT
TG	Alliance	670	1506	Stranglethorn Vale	*	AT
TG	Alliance	197	1515	Stranglethorn Vale	*	ACT
TG	Alliance	628	1522	Stranglethorn Vale	*	ACT
TG	Alliance	597	1524	Stranglethorn Vale	*	AT
TG	Alliance	607	1527	Stranglethorn Vale	*	AT
TG	Alliance	599	1529	Stranglethorn Vale	*	AT
TG	Alliance	609	1531	Stranglethorn Vale	*	AT
TG	Alliance	587	1532	Stranglethorn Vale	*	ACT
TG	Alliance	604	1535	Stranglethorn Vale	*	ACT
TG	Alliance	338	1537	Stranglethorn Vale	*	AT
TG	Alliance	339	1538	Stranglethorn Vale	*	AT
TG	Alliance	340	1539	Stranglethorn Vale	*	AT
TG	Alliance	341	1540	Stranglethorn Vale	*	AT
TG	Alliance	342	1541	Stranglethorn Vale	*	AT
TG	Alliance	2500	1550	Loch Modan	*	ACT
TG	Alliance	738	1552	Loch Modan	*	AT
TG	Alliance	706	1553	Badlands	*	ACT
TG	Alliance	718	1554	Badlands	*	ACT
TG	Alliance	719	1555	Badlands	*	ACT
TG	Alliance	1108	1557	Badlands	*	ACT
TG	Alliance	703	1558	Badlands	*	ACT
TG	Alliance	720	1560	Badlands	*	AT
TG	Alliance	733	1563	Badlands	*	ACT
TG	Alliance	732	1566	Badlands	*	ACT
TG	Alliance	739	1568	Badlands	*	AT
TG	Alliance	1137	1574	Badlands	*	AT
TG	Alliance	710	1575	Badlands	*	ACT
TG	Alliance	713	1576	Badlands	*	AT
TG	Alliance	714	1578	Badlands	*	AT
TG	Alliance	715	1580	Badlands	*	AT
TG	Alliance	711	1584	Badlands	*	ACT
TG	Alliance	712	1587	Badlands	*	ACT
TG	Alliance	734	1591	Badlands	*	AT
TG	Alliance	777	1593	Badlands	*	AT
TG	Alliance	778	1595	Badlands	*	ACT
TG	Alliance	704	1604	Loch Modan	*	A
TG	Alliance	1477	1606	Stormwind City	*	AT
TG	Alliance	1448	1607	Stormwind City	*	ACT
TG	Alliance	1396	1612	Swamp of Sorrows	*	ACT
TG	Alliance	1421	1615	Swamp of Sorrows	*	ACT
TG	Alliance	1389	1616	Swamp of Sorrows	*	ACT
TG	Alliance	1393	1619	Swamp of Sorrows	*	ACT
TG	Alliance	1398	1625	Swamp of Sorrows	*	AT
TG	Alliance	1395	1626	Duskwood	*	AT
TG	Alliance	1425	1631	Swamp of Sorrows	*	AT
TG	Alliance	1449	1634	Stormwind City	*	AT
TG	Alliance	1117	1636	Stranglethorn Vale	*	AT
TG	Alliance	2864	1638	Stranglethorn Vale	*	AT
TG	Alliance	621	1639	Stranglethorn Vale	*	ACT
TG	Alliance	617	1640	Stranglethorn Vale	*	ACT
TG	Alliance	2872	1654	Stranglethorn Vale	*	AT
TG	Alliance	576	1655	Stranglethorn Vale	*	ACT
TG	Alliance	208	1667	Stranglethorn Vale	*	ACT
TG	Alliance	623	1674	Stranglethorn Vale	*	AT
TG	Alliance	602	1678	Stranglethorn Vale	*	AT
TG	Alliance	1466	1680	Desolace	*	ACT
TG	Alliance	6134	1683	Desolace	*	ACT
TG	Alliance	1374	1685	Desolace	*	ACT
TG	Alliance	1467	1694	Desolace	*	AT
TG	Alliance	1052	1696	Desolace	*	AT
TG	Alliance	2781	1700	Tanaris	*	ACT
TG	Alliance	2875	1701	Tanaris	*	ACT
TG	Alliance	1707	1702	Tanaris	*	ACT
TG	Alliance	1690	1703	Tanaris	*	ACT
TG	Alliance	992	1704	Tanaris	*	ACT
TG	Alliance	1118	1706	Thousand Needles	*	AT
TG	Alliance	1188	1711	Thousand Needles	*	AT
TG	Alliance	1190	1712	Thousand Needles	*	AT
TG	Alliance	1191	1713		*	T
TG	Alliance	1194	1715	Thousand Needles	*	AT
TG	Alliance	8365	1719	Tanaris	*	ACT
TG	Alliance	3520	1720	Tanaris	*	ACT
TG	Alliance	8366	1721	Tanaris	*	ACT
TG	Alliance	2873	1723	Tanaris	*	ACT
TG	Alliance	2876	1730	Tanaris	*	AT
TG	Alliance	1691	1733	Tanaris	*	ACT
TG	Alliance	2874	1741	Tanaris	*	AT
TG	Alliance	3022	1746	Tanaris	*	AT
TG	Alliance	2821	1747	Feralas	*	ACT
TG	Alliance	2982	1748	Feralas	*	ACT
TG	Alliance	2939	1749	Feralas	*	AT
TG	Alliance	4124	1750	Feralas	*	AT
TG	Alliance	2866	1751	Feralas	*	AT
TG	Alliance	4125	1753	Feralas	*	AT
TG	Alliance	2867	1755	Feralas	*	AT
TG	Alliance	3130	1757	Feralas	*	AT
TG	Alliance	2869	1759	Feralas	*	ACT
TG	Alliance	2870	1762	Feralas	*	ACT
TG	Alliance	2871	1765	Feralas	*	AT
TG	Alliance	4127	1769	Feralas	*	AT
TG	Alliance	4129	1771	Feralas	*	AT
TG	Alliance	4130	1773	Feralas	*	AT
TG	Alliance	4131	1775	Feralas	*	AT
TG	Alliance	2766	1777	Feralas	*	AT
TG	Alliance	2969	1780	Feralas	*	ACT
TG	Alliance	2970	1783	Feralas	*	ACT
TG	Alliance	2972	1786	Feralas	*	AT
TG	Alliance	4135	1788	Feralas	*	AT
TG	Alliance	4281	1789	Feralas	*	AT
TG	Alliance	4265	1791	Feralas	*	ACT
TG	Alliance	4266	1797	Feralas	*	AT
TG	Alliance	4267	1799	Feralas	*	AT
TG	Alliance	7792	1802		*	T
TG	Alliance	7799	1803		*	T
TG	Alliance	7798	1804		*	T
TG	Alliance	3661	1806	Teldrassil	*	ACT
TG	Alliance	2940	1808	Teldrassil	*	AT
TG	Alliance	2941	1810	Teldrassil	*	AT
TG	Alliance	5535	1811	Azshara	*	ACT
TG	Alliance	5536	1812	Azshara	*	ACT
TG	Alliance	2944	1818	Tanaris	*	AT
TG	Alliance	667	1820	Arathi Highlands	*	ACT
TG	Alliance	603	1825	Alterac Mountains	*	AT
TG	Alliance	2877	1826	The Hinterlands	*	ACT
TG	Alliance	2880	1827	The Hinterlands	*	ACT
TG	Alliance	60071	1828	The Hinterlands	*	ACT
TG	Alliance	41140	1829	The Hinterlands	*	ACT
TG	Alliance	1450	1831	The Hinterlands	*	AT
TG	Alliance	1451	1833	The Hinterlands	*	AT
TG	Alliance	2988	1834	The Hinterlands	*	AT
TG	Alliance	1452	1836	The Hinterlands	*	AT
TG	Alliance	485	1839	The Hinterlands	*	AT
TG	Alliance	836	1841	The Hinterlands	*	ACT
TG	Alliance	40540	1844	The Hinterlands	*	ACT
TG	Alliance	40541	1847	The Hinterlands	*	AT
TG	Alliance	40542	1849	The Hinterlands	*	AT
TG	Alliance	40545	1854	The Hinterlands	*	AT
TG	Alliance	3448	1859	Ironforge	*	AT
TG	Alliance	7807	1860		*	T
TG	Alliance	7809	1861		*	T
TG	Alliance	7808	1862		*	T
TG	Alliance	3449	1864	Ironforge	*	AT
TG	Alliance	3450	1865	Ironforge	*	AT
TG	Alliance	3451	1867	Ironforge	*	AT
TG	Alliance	60155	1870	Stranglethorn Vale	*	ACT
TG	Alliance	610	1873	Stranglethorn Vale	*	ACT
TG	Alliance	608	1874	Stranglethorn Vale	*	AT
TG	Alliance	60152	1875	Stranglethorn Vale	*	AT
TG	Alliance	614	1876	Stranglethorn Vale	*	ACT
TG	Alliance	60153	1880	Stranglethorn Vale	*	AT
TG	Alliance	594	1881	Stranglethorn Vale	*	AT
TG	Alliance	624	1883	Stranglethorn Vale	*	AT
TG	Alliance	580	1886	Stranglethorn Vale	*	AT
TG	Alliance	611	1889	Stranglethorn Vale	*	ACT
TG	Alliance	348	1892	Stranglethorn Vale	*	ACT
TG	Alliance	349	1894		*	T
TG	Alliance	4449	1914	Searing Gorge	*	ACT
TG	Alliance	3367	1915	Searing Gorge	*	ACT
TG	Alliance	3368	1918	Searing Gorge	*	AT
TG	Alliance	4450	1921	Searing Gorge	*	AT
TG	Alliance	3181	1922	Searing Gorge	*	AT
TG	Alliance	3441	1923	Searing Gorge	*	ACT
TG	Alliance	3442	1926	Searing Gorge	*	ACT
TG	Alliance	7701	1927	Searing Gorge	*	ACT
TG	Alliance	7728	1928	Searing Gorge	*	AT
TG	Alliance	7729	1929	Searing Gorge	*	ACT
TG	Alliance	7723	1930	Searing Gorge	*	ACT
TG	Alliance	7724	1931	Searing Gorge	*	ACT
TG	Alliance	7727	1932	Searing Gorge	*	ACT
TG	Alliance	7722	1933	Searing Gorge	*	ACT
TG	Alliance	3371	1935	Ironforge	*	AT
TG	Alliance	3182	1937	Loch Modan	*	AT
TG	Alliance	3201	1939	Ironforge	*	AT
TG	Alliance	3443	1945	Searing Gorge	*	ACT
TG	Alliance	3452	1953	Searing Gorge	*	ACT
TG	Alliance	3453	1963	Searing Gorge	*	ACT
TG	Alliance	3454	1966	Searing Gorge	*	AT
TG	Alliance	3462	1968	Searing Gorge	*	AT
TG	Alliance	3463	1970	Searing Gorge	*	AT
TG	Alliance	4451	1971	Searing Gorge	*	AT
TG	Alliance	3481	1974	Searing Gorge	*	AT
TG	Alliance	625	1977	Swamp of Sorrows	*	AT
TG	Alliance	3763	1978	Ironforge	*	AT
TG	Alliance	4512	1979	Ironforge	*	AT
TG	Alliance	2943	1983	Teldrassil	*	AT
TG	Alliance	7733	1984	Feralas	*	ACT
TG	Alliance	2879	1986	Feralas	*	ACT
TG	Alliance	3445	1987	Feralas	*	AT
TG	Alliance	7003	1988	Feralas	*	ACT
TG	Alliance	7721	1989	Feralas	*	ACT
TG	Alliance	7735	1993	Feralas	*	AT
TG	Alliance	2844	1994	Feralas	*	AT
TG	Alliance	2942	1998	Feralas	*	AT
TG	Alliance	2845	2000	Feralas	*	ACT
TG	Alliance	3841	2004	Feralas	*	AT
TG	Alliance	2767	2007	Feralas	*	ACT
TG	Alliance	40546	2013	Dustwallow Marsh	*	AT
TG	Alliance	626	2015	Dustwallow Marsh	*	AT
TG	Alliance	82	2016	Tanaris	*	ACT
TG	Alliance	2605	2018	Tanaris	*	AT
TG	Alliance	4504	2020	Tanaris	*	ACT
TG	Alliance	3362	2021	Tanaris	*	ACT
TG	Alliance	5863	2022	Tanaris	*	ACT
TG	Alliance	3444	2024	Tanaris	*	ACT
TG	Alliance	3161	2025	Tanaris	*	ACT
TG	Alliance	1560	2030	Tanaris	*	ACT
TG	Alliance	2606	2036	Tanaris	*	AT
TG	Alliance	2641	2038	Tanaris	*	AT
TG	Alliance	10	2040	Tanaris	*	ACT
TG	Alliance	351	2044	Tanaris	*	AT
TG	Alliance	648	2046	Tanaris	*	ACT
TG	Alliance	110	2049	Tanaris	*	AT
TG	Alliance	113	2051	Tanaris	*	AT
TG	Alliance	162	2053	Tanaris	*	AT
TG	Alliance	1189	2055	Tanaris	*	AT
TG	Alliance	3842	2058	Thousand Needles	*	ACT
TG	Alliance	3843	2061	Thousand Needles	*	AT
TG	Alliance	4297	2064	The Hinterlands	*	ACT
TG	Alliance	40664	2065	The Hinterlands	*	A
TG	Alliance	80392	2066	The Hinterlands	*	AT
TG	Alliance	80393	2068	The Hinterlands	*	A
TG	Alliance	40607	2069	The Hinterlands	*	A
TG	Alliance	2989	2071		*	CT
TG	Alliance	4298	2079	The Hinterlands	*	AT
TG	Alliance	2990	2082	The Hinterlands	*	AT
TG	Alliance	4502	2084	The Barrens	*	ACT
TG	Alliance	3721	2088		*	T
TG	Alliance	2783	2091	Blasted Lands	*	AT
TG	Alliance	2801	2093	Swamp of Sorrows	*	ACT
TG	Alliance	2601	2096	Blasted Lands	*	AT
TG	Alliance	2603	2097	Blasted Lands	*	AT
TG	Alliance	2581	2098	Blasted Lands	*	AT
TG	Alliance	2583	2099	Blasted Lands	*	AT
TG	Alliance	2585	2100	Blasted Lands	*	AT
TG	Alliance	3501	2106	Blasted Lands	*	AT
TG	Alliance	2521	2108	Blasted Lands	*	AT
TG	Alliance	4493	2113	Un'Goro Crater	*	AT
TG	Alliance	2661	2115	Tanaris	*	AT
TG	Alliance	4496	2117	Tanaris	*	AT
TG	Alliance	2662	2119	Tanaris	*	AT
TG	Alliance	4289	2123	Un'Goro Crater	*	ACT
TG	Alliance	4290	2124	Un'Goro Crater	*	ACT
TG	Alliance	4503	2126	Un'Goro Crater	*	AT
TG	Alliance	4501	2127	Un'Goro Crater	*	AT
TG	Alliance	4492	2128	Un'Goro Crater	*	AT
TG	Alliance	3881	2129	Un'Goro Crater	*	AT
TG	Alliance	3883	2130	Un'Goro Crater	*	ACT
TG	Alliance	3882	2131	Un'Goro Crater	*	ACT
TG	Alliance	4141	2132	Un'Goro Crater	*	ACT
TG	Alliance	3884	2133	Un'Goro Crater	*	A
TG	Alliance	4243	2134	Un'Goro Crater	*	AT
TG	Alliance	4244	2137	Un'Goro Crater	*	ACT
TG	Alliance	4245	2140	Un'Goro Crater	*	ACT
TG	Alliance	4291	2148	Un'Goro Crater	*	ACT
TG	Alliance	4301	2149	Un'Goro Crater	*	ACT
TG	Alliance	3844	2151	Un'Goro Crater	*	AT
TG	Alliance	3845	2153	Un'Goro Crater	*	ACT
TG	Alliance	4292	2155	Un'Goro Crater	*	ACT
TG	Alliance	974	2157	Un'Goro Crater	*	ACT
TG	Alliance	4491	2161	Un'Goro Crater	*	ACT
TG	Alliance	3908	2172	Un'Goro Crater	*	AT
TG	Alliance	4284	2173	Un'Goro Crater	*	ACT
TG	Alliance	4285	2176	Un'Goro Crater	*	ACT
TG	Alliance	4288	2177	Un'Goro Crater	*	ACT
TG	Alliance	4287	2178	Un'Goro Crater	*	ACT
TG	Alliance	980	2187	Un'Goro Crater	*	AT
TG	Alliance	4321	2191	Un'Goro Crater	*	AT
TG	Alliance	978	2194	Teldrassil	*	AT
TG	Alliance	3789	2196		*	T
TG	Alliance	3790	2197		*	T
TG	Alliance	3764	2198	Darnassus	*	ACT
TG	Alliance	3781	2201	Darnassus	*	AT
TG	Alliance	3785	2203	Darnassus	*	ACT
TG	Alliance	3378	2205		*	T
TG	Alliance	3601	2206	Azshara	*	ACT
TG	Alliance	5534	2209	Azshara	*	ACT
TG	Alliance	3461	2213	Azshara	*	AT
TG	Alliance	4101	2216	Felwood	*	ACT
TG	Alliance	5155	2217	Felwood	*	ACT
TG	Alliance	5156	2218	Felwood	*	ACT
TG	Alliance	5249	2219	Felwood	*	AT
TG	Alliance	4421	2220	Felwood	*	ACT
TG	Alliance	8460	2221	Felwood	*	ACT
TG	Alliance	8462	2224	Felwood	*	AT
TG	Alliance	4906	2228	Felwood	*	ACT
TG	Alliance	5157	2230	Felwood	*	ACT
TG	Alliance	5158	2233	Felwood	*	AT
TG	Alliance	939	2235	Felwood	*	AT
TG	Alliance	8461	2239	Felwood	*	ACT
TG	Alliance	8465	2242	Felwood	*	AT
TG	Alliance	8464	2244	Winterspring	*	ACT
TG	Alliance	4842	2246	Winterspring	*	ACT
TG	Alliance	5082	2247	Winterspring	*	AT
TG	Alliance	5244	2250	Winterspring	*	AT
TG	Alliance	5245	2252	Winterspring	*	AT
TG	Alliance	4861	2253	Winterspring	*	AT
TG	Alliance	3783	2254	Winterspring	*	ACT
TG	Alliance	4863	2256	Winterspring	*	AT
TG	Alliance	4864	2258	Winterspring	*	AT
TG	Alliance	5083	2261	Winterspring	*	AT
TG	Alliance	5084	2265	Winterspring	*	AT
TG	Alliance	977	2269	Winterspring	*	ACT
TG	Alliance	5163	2272	Winterspring	*	AT
TG	Alliance	5601	2273	Winterspring	*	AT
TG	Alliance	6028	2274	Winterspring	*	AT
TG	Alliance	6030	2275	Winterspring	*	AT
TG	Alliance	5085	2277	Felwood	*	AT
TG	Alliance	5086	2280	Winterspring	*	ACT
TG	Alliance	3702	2281	Ironforge	*	ACT
TG	Alliance	3701	2284	Ironforge	*	ACT
TG	Alliance	4513	2287	Ironforge	*	ACT
TG	Alliance	4283	2288	Burning Steppes	*	ACT
TG	Alliance	3823	2289	Burning Steppes	*	ACT
TG	Alliance	4182	2290	Burning Steppes	*	ACT
TG	Alliance	4726	2291	Burning Steppes	*	ACT
TG	Alliance	4296	2292	Burning Steppes	*	ACT
TG	Alliance	4324	2293		*	T
TG	Alliance	4023	2295	Burning Steppes	*	ACT
TG	Alliance	4024	2298	Burning Steppes	*	A
TG	Alliance	4808	2304	Burning Steppes	*	AT
TG	Alliance	3824	2307	Burning Steppes	*	ACT
TG	Alliance	3825	2311	Burning Steppes	*	ACT
TG	Alliance	4183	2317	Burning Steppes	*	AT
TG	Alliance	4184	2319	Redridge Mountains	*	AT
TG	Alliance	1015	2320	Stormwind City	*	AT
TG	Alliance	5066	2321	Stormwind City	*	AT
TG	Alliance	4185	2323	Stormwind City	*	ACT
TG	Alliance	4186	2326	Stormwind City	*	AT
TG	Alliance	4223	2328	Redridge Mountains	*	AT
TG	Alliance	4224	2330	Burning Steppes	*	ACT
TG	Alliance	1019	2334	Ironforge	*	AT
TG	Alliance	5090	2335	Ironforge	*	A
TG	Alliance	7805	2336		*	T
TG	Alliance	7804	2337		*	T
TG	Alliance	6131	2343	Felwood	*	ACT
TG	Alliance	5159	2367	The Barrens	*	AT
TG	Alliance	5165	2370	Felwood	*	AT
TG	Alliance	4441	2372	Felwood	*	ACT
TG	Alliance	5882	2375		*	T
TG	Alliance	5242	2377	Felwood	*	ACT
TG	Alliance	5903	2383	Western Plaguelands	*	ACT
TG	Alliance	5092	2385	Western Plaguelands	*	ACT
TG	Alliance	5401	2387		*	T
TG	Alliance	5097	2390	Western Plaguelands	*	AT
TG	Alliance	5215	2391	Western Plaguelands	*	AT
TG	Alliance	5216	2393	Western Plaguelands	*	ACT
TG	Alliance	4971	2394	Western Plaguelands	*	ACT
TG	Alliance	4972	2397	Western Plaguelands	*	ACT
TG	Alliance	5217	2402	Western Plaguelands	*	AT
TG	Alliance	5021	2403	Western Plaguelands	*	AT
TG	Alliance	5022	2405	Western Plaguelands	*	AT
TG	Alliance	5048	2407	Stormwind City	*	AT
TG	Alliance	5050	2409	Stormwind City	*	AT
TG	Alliance	6182	2410	Stormwind City	*	AT
TG	Alliance	6183	2412	Stormwind City	*	AT
TG	Alliance	6184	2414	Stormwind City	*	AT
TG	Alliance	6185	2416	Western Plaguelands	*	AT
TG	Alliance	5533	2418	Western Plaguelands	*	AT
TG	Alliance	5537	2420	Western Plaguelands	*	ACT
TG	Alliance	5219	2422	Western Plaguelands	*	ACT
TG	Alliance	5051	2424	Western Plaguelands	*	ACT
TG	Alliance	5058	2427		*	T
TG	Alliance	5059	2428		*	T
TG	Alliance	5060	2429		*	T
TG	Alliance	5220	2433	Western Plaguelands	*	AT
TG	Alliance	5222	2435	Western Plaguelands	*	ACT
TG	Alliance	5223	2439	Western Plaguelands	*	AT
TG	Alliance	5225	2441	Western Plaguelands	*	ACT
TG	Alliance	5226	2444	Western Plaguelands	*	AT
TG	Alliance	5238	2446		*	T
TG	Alliance	5542	2447	Eastern Plaguelands	*	AT
TG	Alliance	5543	2448	Eastern Plaguelands	*	AT
TG	Alliance	5544	2449	Eastern Plaguelands	*	AT
TG	Alliance	6024	2450	Eastern Plaguelands	*	AT
TG	Alliance	5149	2452	Eastern Plaguelands	*	ACT
TG	Alliance	5152	2458	Eastern Plaguelands	*	AT
TG	Alliance	5241	2459	Eastern Plaguelands	*	AT
TG	Alliance	5281	2460	Eastern Plaguelands	*	AT
TG	Alliance	6021	2461	Eastern Plaguelands	*	ACT
TG	Alliance	5211	2464	Eastern Plaguelands	*	ACT
TG	Alliance	5246	2466	Eastern Plaguelands	*	AC
TG	Alliance	5282	2470	Eastern Plaguelands	*	A
TG	Alliance	6164	2471	Eastern Plaguelands	*	ACT
TG	Alliance	5742	2477	Eastern Plaguelands	*	ACT
TG	Alliance	5781	2480	Eastern Plaguelands	*	ACT
TG	Alliance	5845	2485	Eastern Plaguelands	*	ACT
TG	Alliance	9124	2488	Eastern Plaguelands	*	AT
TG	Alliance	9126	2490	Eastern Plaguelands	*	AT
TG	Alliance	5510	2492		*	T
TG	Alliance	5508	2493		*	T
TG	Alliance	5509	2494		*	T
TG	Alliance	5846	2497	Eastern Plaguelands	*	AT
TG	Alliance	5153	2500	Western Plaguelands	*	ACT
TG	Alliance	6186	2503	Western Plaguelands	*	AT
TG	Alliance	5904	2505	Western Plaguelands	*	ACT
TG	Alliance	5154	2507	Western Plaguelands	*	ACT
TG	Alliance	5210	2510	Western Plaguelands	*	AT
TG	Alliance	6389	2513	Western Plaguelands	*	AT
TG	Alliance	6004	2514	Western Plaguelands	*	ACT
TG	Alliance	6023	2517	Western Plaguelands	*	AT
TG	Alliance	6025	2519	Western Plaguelands	*	ACT
TG	Alliance	4984	2522	Western Plaguelands	*	ACT
TG	Alliance	4985	2525	Western Plaguelands	*	ACT
TG	Alliance	4986	2528	Western Plaguelands	*	AT
TG	Alliance	5181	2533	Eastern Plaguelands	*	AT
TG	Alliance	6187	2537	Stormwind City	*	A
TG	Alliance	979	2539	Teldrassil	*	AT
TG	Alliance	1004	2542		*	T
TG	Alliance	1018	2543		*	T
TG	Alliance	1047	2544		*	T
TG	Alliance	6761	2546	Darnassus	*	AT
TG	Alliance	6762	2548	Darnassus	*	AT
TG	Alliance	7800	2552		*	T
TG	Alliance	1124	2554	Moonglade	*	AT
TG	Alliance	5527	2555	Moonglade	*	ACT
TG	Alliance	4442	2560	Felwood	*	AT
TG	Alliance	1125	2567	Silithus	*	ACT
TG	Alliance	1126	2571	Silithus	*	ACT
TG	Alliance	6844	2574	Silithus	*	AT
TG	Alliance	6845	2581	Moonglade	*	AT
TG	Alliance	1185	2584		*	T
TG	Alliance	5087	2586	Winterspring	*	ACT
TG	Alliance	4809	2590	Winterspring	*	ACT
TG	Alliance	969	2591	Winterspring	*	ACT
TG	Alliance	4970	2592	Winterspring	*	ACT
TG	Alliance	4810	2597	Winterspring	*	AT
TG	Alliance	4901	2599	Winterspring	*	ACT
TG	Alliance	975	2603	Winterspring	*	AT
TG	Alliance	5121	2606	Winterspring	*	AC
TG	Alliance	5123	2608	Winterspring	*	AT
TG	Alliance	5128	2610	Winterspring	*	AT
TG	Alliance	4902	2613	Teldrassil	*	AT
TG	Horde	4641	1	Durotar	Orc,Troll	AT
TG	Horde	788	3	Durotar	Orc,Troll	ACT
TG	Horde	789	6	Durotar	Orc,Troll	ACT
TG	Horde	792	7	Durotar	Orc,Troll	ACT
TG	Horde	4402	8	Durotar	Orc,Troll	ACT
TG	Horde	790	9	Durotar	Orc,Troll	ACT
TG	Horde	804	13	Durotar	Orc,Troll	AT
TG	Horde	794	20	Durotar	Orc,Troll	ACT
TG	Horde	5441	21	Durotar	Orc,Troll	ACT
TG	Horde	6394	24	Durotar	Orc,Troll	ACT
TG	Horde	805	28	Durotar	Orc,Troll	AT
TG	Horde	2161	30	Durotar	Orc,Troll	AT
TG	Horde	786	31	Durotar	Orc,Troll	AT
TG	Horde	808	33	Durotar	Orc,Troll	ACT
TG	Horde	823	34	Durotar	Orc,Troll	AT
TG	Horde	826	35	Durotar	Orc,Troll	ACT
TG	Horde	818	36	Durotar	Orc,Troll	ACT
TG	Horde	817	37	Durotar	Orc,Troll	ACT
TG	Horde	806	39	Durotar	Orc,Troll	ACT
TG	Horde	784	40	Durotar	Orc,Troll	ACT
TG	Horde	837	41	Durotar	Orc,Troll	ACT
TG	Horde	791	42	Durotar	Orc,Troll	ACT
TG	Horde	815	43	Durotar	Orc,Troll	ACT
TG	Horde	830	46	Durotar	Orc,Troll	AT
TG	Horde	825	49	Durotar	Orc,Troll	ACT
TG	Horde	831	51	Durotar	Orc,Troll	AT
TG	Horde	816	68	Durotar	Orc,Troll	ACT
TG	Horde	834	69	Durotar	Orc,Troll	ACT
TG	Horde	835	72	Durotar	Orc,Troll	ACT
TG	Horde	812	73	Durotar	Orc,Troll	AT
TG	Horde	1883	74	Orgrimmar	Orc,Troll	AT
TG	Horde	5726	76	Orgrimmar	Orc,Troll	ACT
TG	Horde	813	77	Orgrimmar	Orc,Troll	ACT
TG	Horde	1884	82	Durotar	Orc,Troll	AT
TG	Horde	828	90	Durotar	Orc,Troll	AT
TG	Horde	827	92	Durotar	Orc,Troll	ACT
TG	Horde	832	95	Orgrimmar	Orc,Troll	AT
TG	Horde	829	97	Durotar	Orc,Troll	AT
TG	Horde	5727	99	Orgrimmar	Orc,Troll	ACT
TG	Horde	809	101	Orgrimmar	Orc,Troll	AT
TG	Horde	840	105	Durotar	*	AT
TG	Horde	747	106	Mulgore	Tauren	ACT
TG	Horde	750	109	Mulgore	Tauren	ACT
TG	Horde	752	110	Mulgore	Tauren	AT
TG	Horde	753	112	Mulgore	Tauren	ACT
TG	Horde	755	115	Mulgore	Tauren	AT
TG	Horde	757	118	Mulgore	Tauren	ACT
TG	Horde	780	120	Mulgore	Tauren	ACT
TG	Horde	3376	121	Mulgore	Tauren	ACT
TG	Horde	781	124	Mulgore	Tauren	AT
TG	Horde	763	130	Mulgore	Tauren	AT
TG	Horde	1656	131	Mulgore	Tauren	AT
TG	Horde	743	132	Mulgore	Tauren	ACT
TG	Horde	767	134	Mulgore	Tauren	AT
TG	Horde	745	135	Mulgore	Tauren	ACT
TG	Horde	748	137	Mulgore	Tauren	ACT
TG	Horde	761	138	Mulgore	Tauren	ACT
TG	Horde	771	140	Mulgore	Tauren	AT
TG	Horde	766	141	Mulgore	Tauren	AT
TG	Horde	749	146	Mulgore	Tauren	AT
TG	Horde	751	148	Mulgore	Tauren	AT
TG	Horde	754	151	Mulgore	Tauren	ACT
TG	Horde	772	154	Mulgore	Tauren	AT
TG	Horde	746	157	Mulgore	Tauren	ACT
TG	Horde	764	159	Mulgore	Tauren	ACT
TG	Horde	765	160	Mulgore	Tauren	ACT
TG	Horde	756	163	Mulgore	Tauren	ACT
TG	Horde	773	166	Mulgore	Tauren	AT
TG	Horde	833	167	Mulgore	Tauren	ACT
TG	Horde	775	170	Mulgore	Tauren	AT
TG	Horde	861	173	Mulgore	Tauren	ACT
TG	Horde	758	176	Mulgore	Tauren	ACT
TG	Horde	744	178	Thunder Bluff	Tauren	ACT
TG	Horde	776	180	Thunder Bluff	Tauren	ACT
TG	Horde	759	186	Mulgore	Tauren	ACT
TG	Horde	886	191	Thunder Bluff	*	AT
TG	Horde	860	194	Thunder Bluff	*	AT
TG	Horde	760	197	Mulgore	Tauren	ACT
TG	Horde	770	199	Mulgore	Tauren	AT
TG	Horde	363	202	Tirisfal Glades	Undead	AT
TG	Horde	364	204	Tirisfal Glades	Undead	ACT
TG	Horde	3901	207	Tirisfal Glades	Undead	ACT
TG	Horde	376	208	Tirisfal Glades	Undead	ACT
TG	Horde	6395	213	Tirisfal Glades	Undead	ACT
TG	Horde	380	214	Tirisfal Glades	Undead	ACT
TG	Horde	3902	215	Tirisfal Glades	Undead	ACT
TG	Horde	381	221	Tirisfal Glades	Undead	ACT
TG	Horde	382	225	Tirisfal Glades	Undead	ACT
TG	Horde	383	228	Tirisfal Glades	Undead	AT
TG	Horde	8	229	Tirisfal Glades	Undead	AT
TG	Horde	365	230	Tirisfal Glades	Undead	ACT
TG	Horde	5481	231	Tirisfal Glades	Undead	ACT
TG	Horde	404	232	Tirisfal Glades	Undead	ACT
TG	Horde	367	233	Tirisfal Glades	Undead	ACT
TG	Horde	427	235	Tirisfal Glades	Undead	ACT
TG	Horde	398	236	Tirisfal Glades	Undead	ACT
TG	Horde	358	237	Tirisfal Glades	Undead	ACT
TG	Horde	426	242	Tirisfal Glades	Undead	ACT
TG	Horde	5482	244	Tirisfal Glades	Undead	ACT
TG	Horde	354	247	Tirisfal Glades	Undead	AT
TG	Horde	362	248	Tirisfal Glades	Undead	ACT
TG	Horde	375	249	Tirisfal Glades	Undead	ACT
TG	Horde	359	250	Tirisfal Glades	Undead	AT
TG	Horde	368	252	Tirisfal Glades	Undead	ACT
TG	Horde	355	261	Tirisfal Glades	Undead	AT
TG	Horde	370	263	Tirisfal Glades	Undead	ACT
TG	Horde	374	264	Tirisfal Glades	Undead	ACT
TG	Horde	408	266	Tirisfal Glades	Undead	ACT
TG	Horde	407	268	Tirisfal Glades	Undead	AT
TG	Horde	369	270	Tirisfal Glades	Undead	ACT
TG	Horde	371	277	Tirisfal Glades	Undead	AT
TG	Horde	360	283	Tirisfal Glades	Undead	AT
TG	Horde	356	284	Tirisfal Glades	Undead	ACT
TG	Horde	372	288	Tirisfal Glades	Undead	AT
TG	Horde	492	290	Tirisfal Glades	Undead	AT
TG	Horde	445	291	Tirisfal Glades	*	AT
TG	Horde	361	298	Tirisfal Glades	Undead	AT
TG	Horde	854	303	The Barrens	*	AT
TG	Horde	6361	307	The Barrens	*	AT
TG	Horde	6362	309	The Barrens	*	AT
TG	Horde	842	311	The Barrens	*	AT
TG	Horde	924	313	The Barrens	*	ACT
TG	Horde	6363	315	Thunder Bluff	Tauren	AT
TG	Horde	6364	317	Thunder Bluff	Tauren	AT
TG	Horde	6365	320	The Barrens	Orc,Troll	AT
TG	Horde	6384	322	The Barrens	Orc,Troll	AT
TG	Horde	6385	324	Orgrimmar	Orc,Troll	AT
TG	Horde	6386	326	Orgrimmar	Orc,Troll	AT
TG	Horde	869	328	The Barrens	*	ACT
TG	Horde	871	329	The Barrens	*	ACT
TG	Horde	5041	330	The Barrens	*	ACT
TG	Horde	867	331	The Barrens	*	ACT
TG	Horde	848	332	The Barrens	*	ACT
TG	Horde	1492	333	The Barrens	*	AT
TG	Horde	844	334	The Barrens	*	ACT
TG	Horde	870	335	The Barrens	*	ACT
TG	Horde	845	340	The Barrens	*	ACT
TG	Horde	872	342	The Barrens	*	ACT
TG	Horde	819	345	The Barrens	*	AT
TG	Horde	821	347	The Barrens	*	AT
TG	Horde	865	348	The Barrens	*	ACT
TG	Horde	895	349	The Barrens	*	ACT
TG	Horde	894	350	The Barrens	*	AT
TG	Horde	887	351	The Barrens	*	ACT
TG	Horde	896	353	The Barrens	*	ACT
TG	Horde	890	357	The Barrens	*	AT
TG	Horde	892	360	The Barrens	*	AT
TG	Horde	888	362	The Barrens	*	AT
TG	Horde	850	365	The Barrens	*	ACT
TG	Horde	855	366	The Barrens	*	ACT
TG	Horde	851	373	The Barrens	*	ACT
TG	Horde	1062	376	The Barrens	*	ACT
TG	Horde	6548	377	The Barrens	*	ACT
TG	Horde	6629	380	The Barrens	*	ACT
TG	Horde	6523	381	Stonetalon Mountains	*	ACT
TG	Horde	6401	384	The Barrens	*	AT
TG	Horde	875	389	The Barrens	*	ACT
TG	Horde	3281	391	The Barrens	*	ACT
TG	Horde	903	393	The Barrens	*	ACT
TG	Horde	877	395	The Barrens	*	ACT
TG	Horde	900	399	The Barrens	*	AT
TG	Horde	901	401	The Barrens	*	ACT
TG	Horde	902	404	The Barrens	*	AT
TG	Horde	858	405	The Barrens	*	ACT
TG	Horde	863	408	The Barrens	*	ACT
TG	Horde	1483	415	The Barrens	*	AT
TG	Horde	3921	416	The Barrens	*	AT
TG	Horde	1069	418	The Barrens	*	ACT
TG	Horde	891	419	The Barrens	*	AT
TG	Horde	822	421	The Barrens	*	AT
TG	Horde	880	425	The Barrens	*	ACT
TG	Horde	881	427	The Barrens	*	ACT
TG	Horde	6541	428	The Barrens	*	AT
TG	Horde	876	430	The Barrens	*	ACT
TG	Horde	852	432	The Barrens	*	ACT
TG	Horde	905	436	The Barrens	*	AT
TG	Horde	1060	438	The Barrens	*	AT
TG	Horde	899	439	The Barrens	*	ACT
TG	Horde	4921	440	The Barrens	*	ACT
TG	Horde	893	446	The Barrens	*	AT
TG	Horde	878	447	The Barrens	*	ACT
TG	Horde	5052	451	The Barrens	*	AT
TG	Horde	879	453	The Barrens	*	AT
TG	Horde	883	454	The Barrens	*	AT
TG	Horde	3261	458	The Barrens	*	AT
TG	Horde	1489	462	The Barrens	*	AT
TG	Horde	853	463	The Barrens	*	AT
TG	Horde	1490	468	Thunder Bluff	*	AT
TG	Horde	898	470	The Barrens	*	ACT
TG	Horde	435	476	Silverpine Forest	*	ACT
TG	Horde	449	479	Silverpine Forest	*	AT
TG	Horde	429	480	Silverpine Forest	*	ACT
TG	Horde	421	482	Silverpine Forest	*	ACT
TG	Horde	477	483	Silverpine Forest	*	AT
TG	Horde	6321	484	Silverpine Forest	*	AT
TG	Horde	430	487	Silverpine Forest	*	AT
TG	Horde	447	488	Silverpine Forest	*	ACT
TG	Horde	3221	490	Silverpine Forest	*	AT
TG	Horde	428	491	Silverpine Forest	*	A
TG	Horde	437	492	Silverpine Forest	*	AT
TG	Horde	1359	494	Silverpine Forest	*	AT
TG	Horde	6323	496	Silverpine Forest	*	AT
TG	Horde	6322	498	Undercity	*	AT
TG	Horde	1358	500	Undercity	*	AT
TG	Horde	6324	502	Undercity	*	AT
TG	Horde	422	506	Silverpine Forest	*	ACT
TG	Horde	425	509	Silverpine Forest	*	ACT
TG	Horde	423	514	Silverpine Forest	*	ACT
TG	Horde	438	516	Silverpine Forest	*	AT
TG	Horde	478	519	Silverpine Forest	*	AT
TG	Horde	424	521	Silverpine Forest	*	ACT
TG	Horde	481	523	Silverpine Forest	*	AT
TG	Horde	482	525	Silverpine Forest	*	AT
TG	Horde	479	527	Silverpine Forest	*	ACT
TG	Horde	439	529	Silverpine Forest	*	AT
TG	Horde	99	533	Silverpine Forest	*	ACT
TG	Horde	480	535	Silverpine Forest	*	ACT
TG	Horde	443	537	Silverpine Forest	*	ACT
TG	Horde	440	538	Silverpine Forest	*	AT
TG	Horde	450	540	Undercity	*	ACT
TG	Horde	441	542	Tirisfal Glades	*	AT
TG	Horde	3301	654	The Barrens	*	AT
TG	Horde	530	661	Undercity	*	ACT
TG	Horde	516	663	Silverpine Forest	*	ACT
TG	Horde	493	664	Silverpine Forest	*	AT
TG	Horde	451	669	Silverpine Forest	*	AT
TG	Horde	460	670	Silverpine Forest	*	AT
TG	Horde	461	672	Silverpine Forest	*	AT
TG	Horde	491	674	Silverpine Forest	*	AT
TG	Horde	444	677	Silverpine Forest	*	AT
TG	Horde	446	681	Undercity	*	AT
TG	Horde	448	683	Silverpine Forest	*	AT
TG	Horde	442	685	Silverpine Forest	*	ACT
TG	Horde	1058	709	Stonetalon Mountains	*	ACT
TG	Horde	6461	710	Stonetalon Mountains	*	ACT
TG	Horde	6284	711	Stonetalon Mountains	*	ACT
TG	Horde	1093	716	Stonetalon Mountains	*	ACT
TG	Horde	1094	720	Stonetalon Mountains	*	AT
TG	Horde	6301	723	Stonetalon Mountains	*	ACT
TG	Horde	6421	724	Stonetalon Mountains	*	ACT
TG	Horde	6562	725	Stonetalon Mountains	*	AT
TG	Horde	1063	729	The Barrens	*	AT
TG	Horde	1068	730	The Barrens	*	ACT
TG	Horde	6542	734		*	T
TG	Horde	742	735		*	T
TG	Horde	6383	736	Ashenvale	*	AT
TG	Horde	6442	739	Ashenvale	*	ACT
TG	Horde	868	742	The Barrens	*	ACT
TG	Horde	882	754	The Barrens	*	ACT
TG	Horde	884	756	The Barrens	*	AT
TG	Horde	897	758	The Barrens	*	AT
TG	Horde	843	760	The Barrens	*	ACT
TG	Horde	885	761	The Barrens	*	AT
TG	Horde	846	764	The Barrens	*	ACT
TG	Horde	906	769	The Barrens	*	AT
TG	Horde	1095	776	The Barrens	*	AT
TG	Horde	907	778	The Barrens	*	ACT
TG	Horde	913	783	The Barrens	*	ACT
TG	Horde	1087	788	Stonetalon Mountains	*	ACT
TG	Horde	6282	789	Stonetalon Mountains	*	ACT
TG	Horde	6393	791	Stonetalon Mountains	*	ACT
TG	Horde	6381	798	Stonetalon Mountains	*	ACT
TG	Horde	1088	800	Stonetalon Mountains	*	ACT
TG	Horde	1096	802	Stonetalon Mountains	*	ACT
TG	Horde	5881	814	Stonetalon Mountains	*	AT
TG	Horde	1153	842	The Barrens	*	ACT
TG	Horde	849	852	The Barrens	*	ACT
TG	Horde	4542	857	Thousand Needles	*	AT
TG	Horde	4881	860	Thousand Needles	*	AT
TG	Horde	4841	862	Thousand Needles	*	ACT
TG	Horde	5147	863	Thousand Needles	*	ACT
TG	Horde	4821	864	Thousand Needles	*	ACT
TG	Horde	4767	865	Thousand Needles	*	ACT
TG	Horde	1149	867	Thousand Needles	*	ACT
TG	Horde	5064	873	Thousand Needles	*	ACT
TG	Horde	4865	875	Thousand Needles	*	AT
TG	Horde	1195	883	Thunder Bluff	*	ACT
TG	Horde	25	885	Ashenvale	*	ACT
TG	Horde	6441	886	Ashenvale	*	ACT
TG	Horde	6503	887	Ashenvale	*	ACT
TG	Horde	6544	891	Ashenvale	*	ACT
TG	Horde	1918	893	Ashenvale	*	AT
TG	Horde	23	895	Ashenvale	*	AT
TG	Horde	24	896	Ashenvale	*	AT
TG	Horde	824	902	Ashenvale	*	AT
TG	Horde	6462	905	Ashenvale	*	ACT
TG	Horde	216	906	Ashenvale	*	ACT
TG	Horde	6641	907	Ashenvale	*	ACT
TG	Horde	6482	911	Ashenvale	*	ACT
TG	Horde	6283	946	Stonetalon Mountains	*	ACT
TG	Horde	1196	950	Thunder Bluff	*	AT
TG	Horde	1130	951	The Barrens	*	AT
TG	Horde	1131	955	Thunder Bluff	*	ACT
TG	Horde	1064	957	Thunder Bluff	*	AT
TG	Horde	1065	959	Thunder Bluff	*	AT
TG	Horde	1197	984	Thousand Needles	*	ACT
TG	Horde	5062	989	Thousand Needles	*	ACT
TG	Horde	5151	990	Thousand Needles	*	ACT
TG	Horde	4770	995	Thousand Needles	*	ACT
TG	Horde	1136	998	Thunder Bluff	*	ACT
TG	Horde	5088	1000	Thunder Bluff	*	ACT
TG	Horde	4904	1006	Thousand Needles	*	ACT
TG	Horde	4966	1012	Thousand Needles	*	ACT
TG	Horde	494	1019	Hillsbrad Foothills	*	AT
TG	Horde	1066	1023	Hillsbrad Foothills	*	ACT
TG	Horde	496	1024	Hillsbrad Foothills	*	AT
TG	Horde	501	1025	Hillsbrad Foothills	*	ACT
TG	Horde	509	1026	Hillsbrad Foothills	*	ACT
TG	Horde	527	1027	Hillsbrad Foothills	*	ACT
TG	Horde	552	1028	Hillsbrad Foothills	*	ACT
TG	Horde	567	1029	Hillsbrad Foothills	*	AT
TG	Horde	7321	1030	Hillsbrad Foothills	*	AT
TG	Horde	1067	1034	Hillsbrad Foothills	*	A
TG	Horde	499	1036	Hillsbrad Foothills	*	AT
TG	Horde	502	1043	Hillsbrad Foothills	*	AT
TG	Horde	553	1045	Hillsbrad Foothills	*	AT
TG	Horde	1361	1050	Hillsbrad Foothills	*	AT
TG	Horde	676	1051	Hillsbrad Foothills	*	ACT
TG	Horde	655	1052	Arathi Highlands	*	AT
TG	Horde	672	1054	Arathi Highlands	*	ACT
TG	Horde	674	1057	Arathi Highlands	*	AT
TG	Horde	675	1059	Arathi Highlands	*	AT
TG	Horde	583	1061	Stranglethorn Vale	*	AT
TG	Horde	185	1063	Stranglethorn Vale	*	ACT
TG	Horde	190	1064	Stranglethorn Vale	*	ACT
TG	Horde	194	1065	Stranglethorn Vale	*	ACT
TG	Horde	186	1069	Stranglethorn Vale	*	ACT
TG	Horde	191	1071	Stranglethorn Vale	*	ACT
TG	Horde	187	1076	Stranglethorn Vale	*	ACT
TG	Horde	195	1078	Stranglethorn Vale	*	ACT
TG	Horde	1145	1080	The Barrens	*	AT
TG	Horde	1362	1082	The Barrens	*	AT
TG	Horde	1175	1083	Thousand Needles	*	ACT
TG	Horde	1105	1084	Thousand Needles	*	ACT
TG	Horde	1176	1085	Thousand Needles	*	ACT
TG	Horde	1110	1086	Thousand Needles	*	ACT
TG	Horde	1104	1087	Thousand Needles	*	ACT
TG	Horde	1111	1094	Thousand Needles	*	AT
TG	Horde	5762	1095	Thousand Needles	*	AT
TG	Horde	1178	1099	Thousand Needles	*	AT
TG	Horde	1106	1101	Thousand Needles	*	AT
TG	Horde	1107	1102	Thousand Needles	*	ACT
TG	Horde	1146	1104	Orgrimmar	*	AT
TG	Horde	1431	1105	Orgrimmar	*	AT
TG	Horde	1432	1107	Orgrimmar	*	AT
TG	Horde	5561	1110	Desolace	*	ACT
TG	Horde	1365	1112	Desolace	*	ACT
TG	Horde	1368	1113	Desolace	*	ACT
TG	Horde	1433	1115	Desolace	*	AT
TG	Horde	1434	1116	Desolace	*	ACT
TG	Horde	1435	1118	Desolace	*	ACT
TG	Horde	1366	1124	Desolace	*	ACT
TG	Horde	1370	1126	Desolace	*	ACT
TG	Horde	5763	1127	Desolace	*	AT
TG	Horde	5381	1128	Desolace	*	ACT
TG	Horde	6143	1129	Desolace	*	ACT
TG	Horde	6142	1130	Desolace	*	ACT
TG	Horde	5421	1131		*	T
TG	Horde	6161	1132	Desolace	*	AT
TG	Horde	5741	1133	Desolace	*	ACT
TG	Horde	1480	1137	Desolace	*	AT
TG	Horde	1481	1140	Desolace	*	ACT
TG	Horde	5386	1141	Desolace	*	ACT
TG	Horde	5501	1146	Desolace	*	ACT
TG	Horde	1436	1148	Desolace	*	AT
TG	Horde	1482	1150	Desolace	*	ACT
TG	Horde	6027	1152	Desolace	*	ACT
TG	Horde	1484	1160	Desolace	*	AT
TG	Horde	1268	1171	Dustwallow Marsh	*	AT
TG	Horde	1269	1172	Dustwallow Marsh	*	AT
TG	Horde	1251	1173	Dustwallow Marsh	*	AT
TG	Horde	1321	1175	Dustwallow Marsh	*	AT
TG	Horde	1180	1180	The Barrens	*	AT
TG	Horde	1112	1182	The Barrens	*	AT
TG	Horde	1181	1184	Stranglethorn Vale	*	AT
TG	Horde	605	1185	Stranglethorn Vale	*	ACT
TG	Horde	189	1186	Stranglethorn Vale	*	ACT
TG	Horde	213	1187	Stranglethorn Vale	*	ACT
TG	Horde	201	1188	Stranglethorn Vale	*	ACT
TG	Horde	575	1189	Stranglethorn Vale	*	ACT
TG	Horde	1182	1191	Stranglethorn Vale	*	ACT
TG	Horde	568	1192	Stranglethorn Vale	*	ACT
TG	Horde	570	1193	Stranglethorn Vale	*	ACT
TG	Horde	581	1194	Stranglethorn Vale	*	ACT
TG	Horde	638	1195	Stranglethorn Vale	*	AT
TG	Horde	596	1196	Stranglethorn Vale	*	ACT
TG	Horde	582	1204	Stranglethorn Vale	*	ACT
TG	Horde	569	1206	Stranglethorn Vale	*	ACT
TG	Horde	196	1211	Stranglethorn Vale	*	ACT
TG	Horde	192	1214	Stranglethorn Vale	*	ACT
TG	Horde	188	1216	Stranglethorn Vale	*	ACT
TG	Horde	193	1226	Stranglethorn Vale	*	ACT
TG	Horde	1183	1233	Stranglethorn Vale	*	AT
TG	Horde	1164	1241	Undercity	*	AT
TG	Horde	7814	1242		*	T
TG	Horde	544	1243	Hillsbrad Foothills	*	AT
TG	Horde	556	1244	Hillsbrad Foothills	*	ACT
TG	Horde	545	1249	Hillsbrad Foothills	*	ACT
TG	Horde	557	1251	Hillsbrad Foothills	*	ACT
TG	Horde	701	1268	Arathi Highlands	*	ACT
TG	Horde	639	1270	Arathi Highlands	*	AC
TG	Horde	671	1271	Arathi Highlands	*	ACT
TG	Horde	642	1273	Arathi Highlands	*	ACT
TG	Horde	651	1276	Arathi Highlands	*	AT
TG	Horde	652	1282	Arathi Highlands	*	ACT
TG	Horde	677	1287	Arathi Highlands	*	ACT
TG	Horde	702	1289	Arathi Highlands	*	AT
TG	Horde	847	1291	Arathi Highlands	*	AT
TG	Horde	678	1295	Arathi Highlands	*	ACT
TG	Horde	663	1298	Arathi Highlands	*	AT
TG	Horde	662	1300	Arathi Highlands	*	AT
TG	Horde	664	1301	Arathi Highlands	*	ACT
TG	Horde	665	1302	Arathi Highlands	*	ACT
TG	Horde	666	1305	Arathi Highlands	*	ACT
TG	Horde	668	1311	Arathi Highlands	*	AT
TG	Horde	669	1313	Arathi Highlands	*	AT
TG	Horde	679	1314	Arathi Highlands	*	AT
TG	Horde	640	1315	Arathi Highlands	*	ACT
TG	Horde	680	1316	Arathi Highlands	*	ACT
TG	Horde	673	1317	Arathi Highlands	*	ACT
TG	Horde	1147	1328	Thousand Needles	*	ACT
TG	Horde	1114	1350	Thousand Needles	*	AT
TG	Horde	1186	1353	Thousand Needles	*	AT
TG	Horde	1187	1355	Thousand Needles	*	ACT
TG	Horde	1115	1357	Thousand Needles	*	AT
TG	Horde	1148	1358	Thousand Needles	*	ACT
TG	Horde	1184	1363	The Barrens	*	AT
TG	Horde	1205	1365	Thunder Bluff	*	ACT
TG	Horde	1201	1374	Dustwallow Marsh	*	ACT
TG	Horde	1322	1375	Dustwallow Marsh	*	ACT
TG	Horde	1177	1376	Dustwallow Marsh	*	ACT
TG	Horde	1218	1379	Dustwallow Marsh	*	ACT
TG	Horde	1206	1382	Dustwallow Marsh	*	ACT
TG	Horde	1238	1383	Dustwallow Marsh	*	AT
TG	Horde	1270	1384	Dustwallow Marsh	*	ACT
TG	Horde	1202	1389	Dustwallow Marsh	*	ACT
TG	Horde	1323	1393	Dustwallow Marsh	*	AT
TG	Horde	1239	1395	Dustwallow Marsh	*	AT
TG	Horde	1203	1397	Dustwallow Marsh	*	AT
TG	Horde	1240	1402	Dustwallow Marsh	*	AT
TG	Horde	629	1437	Stranglethorn Vale	*	ACT
TG	Horde	209	1470	Stranglethorn Vale	*	ACT
TG	Horde	572	1480	Stranglethorn Vale	*	ACT
TG	Horde	595	1484	Stranglethorn Vale	*	AT
TG	Horde	606	1485	Stranglethorn Vale	*	ACT
TG	Horde	1116	1487	Stranglethorn Vale	*	ACT
TG	Horde	670	1489	Stranglethorn Vale	*	A
TG	Horde	1261	1491	Stranglethorn Vale	*	ACT
TG	Horde	571	1495	Stranglethorn Vale	*	ACT
TG	Horde	577	1499		*	C
TG	Horde	197	1504	Stranglethorn Vale	*	ACT
TG	Horde	597	1506	Stranglethorn Vale	*	AT
TG	Horde	607	1510	Stranglethorn Vale	*	AT
TG	Horde	599	1512	Stranglethorn Vale	*	AT
TG	Horde	573	1517	Stranglethorn Vale	*	ACT
TG	Horde	598	1518	Stranglethorn Vale	*	ACT
TG	Horde	338	1519	Stranglethorn Vale	*	AT
TG	Horde	339	1520	Stranglethorn Vale	*	AT
TG	Horde	340	1521	Stranglethorn Vale	*	AT
TG	Horde	341	1522	Stranglethorn Vale	*	AT
TG	Horde	342	1523	Stranglethorn Vale	*	AT
TG	Horde	1108	1530	Badlands	*	ACT
TG	Horde	703	1531	Badlands	*	ACT
TG	Horde	1137	1534	Badlands	*	AT
TG	Horde	710	1535	Badlands	*	ACT
TG	Horde	713	1536	Badlands	*	AT
TG	Horde	714	1538	Badlands	*	AT
TG	Horde	715	1540	Badlands	*	AT
TG	Horde	1419	1543	Badlands	*	ACT
TG	Horde	1420	1544	Badlands	*	AT
TG	Horde	782	1545	Badlands	*	ACT
TG	Horde	2258	1546	Badlands	*	ACT
TG	Horde	711	1549	Badlands	*	ACT
TG	Horde	712	1552	Badlands	*	ACT
TG	Horde	1372	1565	Duskwood	*	AT
TG	Horde	1389	1567	Swamp of Sorrows	*	ACT
TG	Horde	698	1568	Swamp of Sorrows	*	ACT
TG	Horde	1424	1570	Swamp of Sorrows	*	ACT
TG	Horde	699	1574	Swamp of Sorrows	*	ACT
TG	Horde	1422	1577	Swamp of Sorrows	*	AT
TG	Horde	1426	1579	Swamp of Sorrows	*	ACT
TG	Horde	1427	1582	Swamp of Sorrows	*	AT
TG	Horde	1393	1584	Swamp of Sorrows	*	ACT
TG	Horde	1392	1588	Swamp of Sorrows	*	AT
TG	Horde	1429	1593	Swamp of Sorrows	*	AT
TG	Horde	2864	1601	Stranglethorn Vale	*	AT
TG	Horde	1117	1602	Stranglethorn Vale	*	AT
TG	Horde	621	1603	Stranglethorn Vale	*	ACT
TG	Horde	604	1612	Stranglethorn Vale	*	ACT
TG	Horde	587	1615	Stranglethorn Vale	*	ACT
TG	Horde	60155	1616	Stranglethorn Vale	*	AT
TG	Horde	600	1618	Stranglethorn Vale	*	ACT
TG	Horde	617	1619	Stranglethorn Vale	*	ACT
TG	Horde	609	1621	Stranglethorn Vale	*	AT
TG	Horde	2872	1622	Stranglethorn Vale	*	AT
TG	Horde	576	1623	Stranglethorn Vale	*	ACT
TG	Horde	60481	1632		*	C
TG	Horde	208	1643	Stranglethorn Vale	*	ACT
TG	Horde	2932	1658	Stranglethorn Vale	*	AT
TG	Horde	1273	1669	Dustwallow Marsh	*	ACT
TG	Horde	1169	1671	Dustwallow Marsh	*	ACT
TG	Horde	1276	1679	Dustwallow Marsh	*	AT
TG	Horde	1262	1687	Dustwallow Marsh	*	AT
TG	Horde	1170	1691	Dustwallow Marsh	*	AT
TG	Horde	5581	1698	Desolace	*	ACT
TG	Horde	1373	1699		*	T
TG	Horde	1374	1700	Desolace	*	ACT
TG	Horde	6134	1701	Desolace	*	ACT
TG	Horde	1488	1703	Desolace	*	AT
TG	Horde	2781	1714	Tanaris	*	ACT
TG	Horde	2875	1715	Tanaris	*	ACT
TG	Horde	1707	1716	Tanaris	*	ACT
TG	Horde	1690	1717	Tanaris	*	ACT
TG	Horde	992	1718	Tanaris	*	ACT
TG	Horde	1118	1720	Thousand Needles	*	AT
TG	Horde	1188	1725	Thousand Needles	*	AT
TG	Horde	1190	1726	Thousand Needles	*	AT
TG	Horde	1191	1727		*	T
TG	Horde	1194	1729	Thousand Needles	*	AT
TG	Horde	8365	1733	Tanaris	*	ACT
TG	Horde	3520	1734	Tanaris	*	ACT
TG	Horde	8366	1735	Tanaris	*	ACT
TG	Horde	2873	1737	Tanaris	*	ACT
TG	Horde	2876	1744	Tanaris	*	AT
TG	Horde	1691	1747	Tanaris	*	ACT
TG	Horde	2874	1756	Tanaris	*	AT
TG	Horde	2973	1761	Feralas	*	ACT
TG	Horde	2975	1762	Feralas	*	ACT
TG	Horde	2987	1763	Feralas	*	ACT
TG	Horde	2862	1764	Feralas	*	ACT
TG	Horde	2822	1765	Feralas	*	ACT
TG	Horde	3121	1766	Feralas	*	AT
TG	Horde	2978	1770	Feralas	*	AT
TG	Horde	2980	1772	Feralas	*	ACT
TG	Horde	2979	1774	Feralas	*	ACT
TG	Horde	2863	1777		*	CT
TG	Horde	2902	1779	Feralas	*	AT
TG	Horde	2974	1782	Feralas	*	ACT
TG	Horde	2903	1785	Feralas	*	AT
TG	Horde	2976	1787	Feralas	*	AT
TG	Horde	7730	1789	Feralas	*	ACT
TG	Horde	7731	1790	Feralas	*	ACT
TG	Horde	2766	1797	Feralas	*	AT
TG	Horde	7732	1802	Feralas	*	AT
TG	Horde	3002	1805	Feralas	*	AT
TG	Horde	649	1807	Orgrimmar	*	AT
TG	Horde	650	1809	Orgrimmar	*	AT
TG	Horde	3504	1811	Orgrimmar	*	AT
TG	Horde	3122	1813	Orgrimmar	*	AT
TG	Horde	7541	1816		*	T
TG	Horde	7833	1818		*	T
TG	Horde	7835	1819		*	T
TG	Horde	7834	1820		*	T
TG	Horde	3123	1822	Feralas	*	ACT
TG	Horde	3128	1823	Feralas	*	AT
TG	Horde	7738	1824	Feralas	*	AT
TG	Horde	5535	1827	Azshara	*	ACT
TG	Horde	5536	1828	Azshara	*	ACT
TG	Horde	3517	1834	Azshara	*	AT
TG	Horde	7813	1835		*	T
TG	Horde	7817	1836		*	T
TG	Horde	3568	1838	Undercity	*	AT
TG	Horde	232	1839	Undercity	*	AT
TG	Horde	238	1841	Undercity	*	AT
TG	Horde	243	1843	Undercity	*	AT
TG	Horde	2995	1845	Undercity	*	AT
TG	Horde	77	1847	The Hinterlands	*	ACT
TG	Horde	7844	1848	The Hinterlands	*	ACT
TG	Horde	7841	1849	The Hinterlands	*	ACT
TG	Horde	7828	1850	The Hinterlands	*	AT
TG	Horde	7829	1851	The Hinterlands	*	ACT
TG	Horde	7830	1852	The Hinterlands	*	ACT
TG	Horde	7839	1853	The Hinterlands	*	ACT
TG	Horde	81	1861	The Hinterlands	*	AT
TG	Horde	2742	1862	The Hinterlands	*	ACT
TG	Horde	2933	1867	The Hinterlands	*	AT
TG	Horde	2782	1869	The Hinterlands	*	AT
TG	Horde	7842	1875	The Hinterlands	*	ACT
TG	Horde	2934	1880	Hillsbrad Foothills	*	ACT
TG	Horde	1444	1883	The Hinterlands	*	A
TG	Horde	1446	1884	The Hinterlands	*	A
TG	Horde	8273	1888		*	T
TG	Horde	2767	1897		*	T
TG	Horde	8551	1900	Stranglethorn Vale	*	ACT
TG	Horde	608	1902	Stranglethorn Vale	*	AT
TG	Horde	594	1904	Stranglethorn Vale	*	AT
TG	Horde	630	1906	Stranglethorn Vale	*	ACT
TG	Horde	624	1909	Stranglethorn Vale	*	AT
TG	Horde	348	1914	Stranglethorn Vale	*	ACT
TG	Horde	349	1915		*	T
TG	Horde	4449	1928	Searing Gorge	*	ACT
TG	Horde	4450	1931	Searing Gorge	*	ACT
TG	Horde	3441	1932	Searing Gorge	*	ACT
TG	Horde	3442	1935	Searing Gorge	*	ACT
TG	Horde	7701	1936	Searing Gorge	*	ACT
TG	Horde	7728	1937	Searing Gorge	*	AT
TG	Horde	7729	1938	Searing Gorge	*	ACT
TG	Horde	7723	1939	Searing Gorge	*	ACT
TG	Horde	7724	1940	Searing Gorge	*	ACT
TG	Horde	7727	1941	Searing Gorge	*	ACT
TG	Horde	7722	1942	Searing Gorge	*	ACT
TG	Horde	3443	1947	Searing Gorge	*	ACT
TG	Horde	3452	1954	Searing Gorge	*	ACT
TG	Horde	3453	1964	Searing Gorge	*	ACT
TG	Horde	3454	1967	Searing Gorge	*	AT
TG	Horde	3462	1969	Searing Gorge	*	AT
TG	Horde	3463	1971	Searing Gorge	*	AT
TG	Horde	4451	1972	Searing Gorge	*	AT
TG	Horde	3481	1975	Searing Gorge	*	AT
TG	Horde	2784	1977	Swamp of Sorrows	*	ACT
TG	Horde	2621	1980	Swamp of Sorrows	*	AT
TG	Horde	625	1982	Swamp of Sorrows	*	AT
TG	Horde	2622	1984	Swamp of Sorrows	*	AT
TG	Horde	2623	1986	Swamp of Sorrows	*	ACT
TG	Horde	1428	1987	Swamp of Sorrows	*	AC
TG	Horde	2801	1991	Swamp of Sorrows	*	ACT
TG	Horde	580	1994	Stranglethorn Vale	*	AT
TG	Horde	1171	1995	Dustwallow Marsh	*	AT
TG	Horde	1172	1997	Dustwallow Marsh	*	ACT
TG	Horde	626	2001	Dustwallow Marsh	*	AT
TG	Horde	1173	2003	Dustwallow Marsh	*	ACT
TG	Horde	3124	2007	Feralas	*	ACT
TG	Horde	3380	2008	Feralas	*	AT
TG	Horde	7734	2009	Feralas	*	ACT
TG	Horde	3062	2010	Feralas	*	ACT
TG	Horde	3063	2011	Feralas	*	ACT
TG	Horde	4120	2012	Feralas	*	ACT
TG	Horde	3125	2015	Feralas	*	ACT
TG	Horde	3126	2018	Feralas	*	ACT
TG	Horde	3127	2021	Feralas	*	ACT
TG	Horde	7003	2022	Feralas	*	ACT
TG	Horde	7721	2023	Feralas	*	ACT
TG	Horde	7725	2033	Feralas	*	A
TG	Horde	3129	2035	Feralas	*	AT
TG	Horde	82	2041	Tanaris	*	ACT
TG	Horde	379	2044	Tanaris	*	ACT
TG	Horde	2605	2047	Tanaris	*	AT
TG	Horde	4504	2052	Tanaris	*	ACT
TG	Horde	3362	2053	Tanaris	*	ACT
TG	Horde	5863	2054	Tanaris	*	ACT
TG	Horde	3444	2056	Tanaris	*	ACT
TG	Horde	3161	2057	Tanaris	*	ACT
TG	Horde	1560	2062	Tanaris	*	ACT
TG	Horde	2606	2068	Tanaris	*	AT
TG	Horde	2641	2070	Tanaris	*	AT
TG	Horde	10	2072	Tanaris	*	ACT
TG	Horde	654	2074	Tanaris	*	ACT
TG	Horde	864	2078	Tanaris	*	AT
TG	Horde	351	2080	Tanaris	*	AT
TG	Horde	648	2082	Tanaris	*	ACT
TG	Horde	110	2085	Tanaris	*	AT
TG	Horde	113	2087	Tanaris	*	AT
TG	Horde	32	2089	Tanaris	*	AT
TG	Horde	1189	2091	Tanaris	*	AT
TG	Horde	3518	2095	Azshara	*	AT
TG	Horde	3541	2096	Azshara	*	AT
TG	Horde	3542	2097	Azshara	*	AT
TG	Horde	3561	2098	Azshara	*	AT
TG	Horde	3565	2100	Azshara	*	AT
TG	Horde	3562	2103	Thunder Bluff	*	AT
TG	Horde	936	2104		*	T
TG	Horde	4494	2106	Orgrimmar	*	AT
TG	Horde	3563	2108	Orgrimmar	*	AT
TG	Horde	4300	2109	Orgrimmar	*	ACT
TG	Horde	3564	2112	Undercity	*	AT
TG	Horde	3569	2114	Undercity	*	AT
TG	Horde	4133	2117	Undercity	*	AT
TG	Horde	4293	2118	Undercity	*	ACT
TG	Horde	4294	2119	Undercity	*	ACT
TG	Horde	7815	2120	The Hinterlands	*	ACT
TG	Horde	7816	2121	The Hinterlands	*	ACT
TG	Horde	7843	2123	The Hinterlands	*	ACT
TG	Horde	7840	2124	The Hinterlands	*	ACT
TG	Horde	485	2130		*	T
TG	Horde	836	2131	The Hinterlands	*	ACT
TG	Horde	4502	2141	The Barrens	*	ACT
TG	Horde	3721	2145		*	T
TG	Horde	2601	2147	Blasted Lands	*	AT
TG	Horde	2603	2148	Blasted Lands	*	AT
TG	Horde	2581	2149	Blasted Lands	*	AT
TG	Horde	2583	2150	Blasted Lands	*	AT
TG	Horde	2585	2151	Blasted Lands	*	AT
TG	Horde	3501	2157	Blasted Lands	*	AT
TG	Horde	2521	2159	Blasted Lands	*	AT
TG	Horde	2661	2167	Tanaris	*	AT
TG	Horde	4496	2169	Tanaris	*	AT
TG	Horde	2662	2171	Tanaris	*	AT
TG	Horde	4289	2175	Un'Goro Crater	*	ACT
TG	Horde	4290	2176	Un'Goro Crater	*	ACT
TG	Horde	4243	2178	Un'Goro Crater	*	AT
TG	Horde	4503	2179	Un'Goro Crater	*	AT
TG	Horde	4492	2180	Un'Goro Crater	*	AT
TG	Horde	4501	2181	Un'Goro Crater	*	AT
TG	Horde	3881	2182	Un'Goro Crater	*	AT
TG	Horde	3883	2183	Un'Goro Crater	*	ACT
TG	Horde	3882	2184	Un'Goro Crater	*	ACT
TG	Horde	4145	2185	Un'Goro Crater	*	ACT
TG	Horde	3884	2186	Un'Goro Crater	*	A
TG	Horde	4244	2189	Un'Goro Crater	*	ACT
TG	Horde	4245	2192	Un'Goro Crater	*	ACT
TG	Horde	4291	2200	Un'Goro Crater	*	ACT
TG	Horde	4301	2201	Un'Goro Crater	*	ACT
TG	Horde	3844	2204	Un'Goro Crater	*	AT
TG	Horde	3845	2206	Un'Goro Crater	*	ACT
TG	Horde	4292	2208	Un'Goro Crater	*	ACT
TG	Horde	974	2210	Un'Goro Crater	*	ACT
TG	Horde	4491	2214	Un'Goro Crater	*	ACT
TG	Horde	4147	2220	Un'Goro Crater	*	AT
TG	Horde	3908	2226	Un'Goro Crater	*	AT
TG	Horde	4284	2227	Un'Goro Crater	*	ACT
TG	Horde	4285	2230	Un'Goro Crater	*	ACT
TG	Horde	4288	2231	Un'Goro Crater	*	ACT
TG	Horde	4287	2232	Un'Goro Crater	*	ACT
TG	Horde	980	2241	Un'Goro Crater	*	AT
TG	Horde	4321	2245	Un'Goro Crater	*	A
TG	Horde	3761	2248	Thunder Bluff	*	AT
TG	Horde	3782	2250	Thunder Bluff	*	AT
TG	Horde	3786	2252	Thunder Bluff	*	ACT
TG	Horde	4146	2254	The Barrens	*	A
TG	Horde	4134	2260	Badlands	*	A
TG	Horde	4061	2261	Badlands	*	ACT
TG	Horde	3821	2262	Badlands	*	AT
TG	Horde	4726	2263	Burning Steppes	*	ACT
TG	Horde	4296	2264	Burning Steppes	*	ACT
TG	Horde	4324	2265		*	T
TG	Horde	4022	2267	Burning Steppes	*	ACT
TG	Horde	3822	2271	Burning Steppes	*	ACT
TG	Horde	4808	2276	Burning Steppes	*	AT
TG	Horde	4062	2280	Badlands	*	AT
TG	Horde	3505	2283	Azshara	*	ACT
TG	Horde	3601	2284	Azshara	*	ACT
TG	Horde	3506	2288	Azshara	*	ACT
TG	Horde	5534	2291	Azshara	*	ACT
TG	Horde	3507	2294	Azshara	*	AT
TG	Horde	5155	2297	Felwood	*	ACT
TG	Horde	5156	2298	Felwood	*	ACT
TG	Horde	4102	2299	Felwood	*	ACT
TG	Horde	8460	2300	Felwood	*	ACT
TG	Horde	8462	2303	Felwood	*	AT
TG	Horde	4505	2305	Felwood	*	ACT
TG	Horde	6162	2307	Felwood	*	AT
TG	Horde	4521	2308	Felwood	*	AT
TG	Horde	8461	2312	Felwood	*	ACT
TG	Horde	8465	2316	Felwood	*	AT
TG	Horde	8464	2318	Winterspring	*	ACT
TG	Horde	4842	2320	Winterspring	*	ACT
TG	Horde	5082	2321	Winterspring	*	AT
TG	Horde	3783	2324	Winterspring	*	ACT
TG	Horde	5083	2327	Winterspring	*	AT
TG	Horde	5084	2330	Winterspring	*	AT
TG	Horde	977	2335	Winterspring	*	ACT
TG	Horde	5163	2338	Winterspring	*	AT
TG	Horde	6029	2339	Winterspring	*	AT
TG	Horde	6030	2340	Winterspring	*	AT
TG	Horde	5601	2341	Winterspring	*	AT
TG	Horde	6131	2345	Felwood	*	ACT
TG	Horde	5157	2366	Felwood	*	ACT
TG	Horde	5882	2374		*	T
TG	Horde	4506	2376	Felwood	*	ACT
TG	Horde	5085	2382	Felwood	*	AT
TG	Horde	5086	2385	Winterspring	*	ACT
TG	Horde	6606	2386	Winterspring	*	AT
TG	Horde	1004	2388	Undercity	*	AT
TG	Horde	5094	2389	Undercity	*	AT
TG	Horde	7818	2390		*	T
TG	Horde	4642	2396	Undercity	*	ACT
TG	Horde	5096	2398	Tirisfal Glades	*	ACT
TG	Horde	5405	2400		*	T
TG	Horde	5901	2401	Tirisfal Glades	*	ACT
TG	Horde	5021	2402	Western Plaguelands	*	AT
TG	Horde	5023	2404	Western Plaguelands	*	AT
TG	Horde	5228	2407	Tirisfal Glades	*	AT
TG	Horde	5229	2409	Tirisfal Glades	*	ACT
TG	Horde	5230	2412	Western Plaguelands	*	AT
TG	Horde	5231	2414	Tirisfal Glades	*	ACT
TG	Horde	5058	2415		*	T
TG	Horde	5059	2416		*	T
TG	Horde	5060	2417		*	T
TG	Horde	5232	2420	Western Plaguelands	*	AT
TG	Horde	5233	2422	Tirisfal Glades	*	ACT
TG	Horde	4984	2423	Western Plaguelands	*	ACT
TG	Horde	5234	2426	Western Plaguelands	*	AT
TG	Horde	5235	2428	Tirisfal Glades	*	ACT
TG	Horde	5236	2431	Western Plaguelands	*	AT
TG	Horde	5542	2432	Eastern Plaguelands	*	AT
TG	Horde	5543	2433	Eastern Plaguelands	*	AT
TG	Horde	5544	2434	Eastern Plaguelands	*	AT
TG	Horde	6022	2435	Eastern Plaguelands	*	ACT
TG	Horde	6042	2436	Eastern Plaguelands	*	AT
TG	Horde	6133	2437	Eastern Plaguelands	*	ACT
TG	Horde	6024	2438	Eastern Plaguelands	*	AT
TG	Horde	5149	2440	Eastern Plaguelands	*	ACT
TG	Horde	5152	2446	Eastern Plaguelands	*	AT
TG	Horde	5241	2447	Eastern Plaguelands	*	AT
TG	Horde	5281	2448	Eastern Plaguelands	*	AT
TG	Horde	6021	2449	Eastern Plaguelands	*	ACT
TG	Horde	5211	2452	Eastern Plaguelands	*	ACT
TG	Horde	5282	2458	Eastern Plaguelands	*	A
TG	Horde	6164	2459	Eastern Plaguelands	*	ACT
TG	Horde	5742	2465	Eastern Plaguelands	*	ACT
TG	Horde	5781	2468	Eastern Plaguelands	*	ACT
TG	Horde	5845	2476	Eastern Plaguelands	*	ACT
TG	Horde	9124	2479	Eastern Plaguelands	*	AT
TG	Horde	9126	2481	Eastern Plaguelands	*	AT
TG	Horde	5510	2483		*	T
TG	Horde	5508	2484		*	T
TG	Horde	5509	2485		*	T
TG	Horde	5846	2488	Eastern Plaguelands	*	AT
TG	Horde	5049	2491	Undercity	*	AT
TG	Horde	5050	2493	Undercity	*	AT
TG	Horde	5902	2498	Tirisfal Glades	*	ACT
TG	Horde	5237	2499		*	T
TG	Horde	5098	2500	Tirisfal Glades	*	AT
TG	Horde	5051	2502	Western Plaguelands	*	ACT
TG	Horde	6390	2507	Western Plaguelands	*	AT
TG	Horde	6004	2508	Western Plaguelands	*	ACT
TG	Horde	6023	2511	Western Plaguelands	*	AT
TG	Horde	6025	2513	Western Plaguelands	*	ACT
TG	Horde	4985	2519	Western Plaguelands	*	ACT
TG	Horde	4987	2522	Western Plaguelands	*	AT
TG	Horde	5153	2524	Western Plaguelands	*	ACT
TG	Horde	5154	2527	Western Plaguelands	*	ACT
TG	Horde	4971	2528	Western Plaguelands	*	ACT
TG	Horde	4972	2533	Western Plaguelands	*	ACT
TG	Horde	5210	2534	Western Plaguelands	*	AT
TG	Horde	838	2539	Tirisfal Glades	*	AT
TG	Horde	964	2541	Tirisfal Glades	*	ACT
TG	Horde	5408	2544		*	T
TG	Horde	5406	2545		*	T
TG	Horde	5407	2546		*	T
TG	Horde	7831	2547		*	T
TG	Horde	7836	2548		*	T
TG	Horde	1123	2553	Thunder Bluff	*	AT
TG	Horde	7822	2554		*	T
TG	Horde	7823	2555		*	T
TG	Horde	1000	2556	Thunder Bluff	*	AT
TG	Horde	1018	2560		*	T
TG	Horde	1124	2565	Moonglade	*	AT
TG	Horde	5527	2566	Moonglade	*	ACT
TG	Horde	1125	2570	Silithus	*	ACT
TG	Horde	1126	2574	Silithus	*	ACT
TG	Horde	6844	2577	Silithus	*	AT
TG	Horde	5181	2580	Eastern Plaguelands	*	AT
TG	Horde	6135	2582	Eastern Plaguelands	*	ACT
TG	Horde	6136	2583	Eastern Plaguelands	*	ACT
TG	Horde	4741	2589	Felwood	*	ACT
TG	Horde	6845	2593	Moonglade	*	AT
TG	Horde	1185	2596		*	T
TG	Horde	5087	2598	Winterspring	*	ACT
TG	Horde	8798	2601		*	T
TG	Horde	4809	2603	Winterspring	*	ACT
TG	Horde	969	2606	Winterspring	*	ACT
TG	Horde	5054	2607	Winterspring	*	ACT
TG	Horde	5055	2612	Winterspring	*	ACT
TG	Horde	975	2613	Winterspring	*	AT
TG	Horde	4882	2616	Winterspring	*	AT
TG	Horde	5056	2620	Winterspring	*	A
TG	Horde	4721	2622	Felwood	*	ACT
TG	Horde	4883	2624	Felwood	*	AT
TG	Horde	5121	2628	Winterspring	*	AC
TG	Horde	4810	2630	Winterspring	*	AT
TG	Horde	5123	2632	Winterspring	*	AT
TG	Horde	5128	2634	Winterspring	*	AT
