# Generated by tools/build-quest-kinds.js from CMaNGOS classic-db (GPL-3.0, github.com/cmangos/classic-db) quest_template. Only facts are kept. Do not edit by hand.
# id <TAB> type <TAB> suggested players <TAB> quest flags <TAB> zone or sort (above 0: a zone id; below 0: a sort)
2	0	0	0	331
5	0	0	8	10
6	0	0	8	9
7	0	0	8	9
8	0	0	0	154
9	0	0	8	40
10	0	0	8	440
11	0	0	8	12
12	0	0	8	40
13	0	0	8	40
14	0	0	8	40
15	0	0	8	9
16	0	0	8	12
17	81	0	8	1517
18	0	0	8	9
19	1	2	8	44
20	0	0	8	44
21	0	0	8	9
22	0	0	8	40
23	0	0	0	331
24	0	0	0	331
25	0	0	12	331
26	0	0	8	-263
27	0	0	8	-263
28	0	0	10	-263
29	0	0	10	-263
30	0	0	8	-263
31	0	0	0	-263
32	0	0	0	440
33	0	0	8	9
34	0	0	8	44
35	0	0	8	12
36	0	0	0	40
37	0	0	8	12
38	0	0	8	40
39	0	0	8	12
40	0	0	8	12
45	0	0	8	12
46	0	0	8	12
47	0	0	8	12
48	0	0	8	40
49	0	0	8	40
50	0	0	8	40
51	0	0	8	40
52	0	0	8	12
53	0	0	8	40
54	0	0	0	9
55	1	0	0	10
56	0	0	8	10
57	0	0	8	10
58	0	0	8	10
59	0	0	0	12
60	0	0	8	12
61	0	0	0	12
62	0	0	12	12
63	0	0	0	-82
64	0	0	8	40
65	0	0	8	40
66	0	0	8	10
67	0	0	8	10
68	0	0	0	10
69	0	0	8	10
70	0	0	8	10
71	0	0	0	12
72	0	0	8	10
74	0	0	0	10
75	0	0	8	10
76	0	0	12	12
77	0	0	8	47
78	0	0	0	10
79	0	0	0	10
80	0	0	0	10
81	0	0	0	1637
82	0	0	8	440
83	0	0	8	12
84	0	0	0	12
85	0	0	8	12
86	0	0	8	12
87	0	0	8	12
88	0	0	8	12
89	0	0	8	44
90	0	0	8	10
91	0	0	8	44
92	0	0	8	44
93	0	0	8	10
94	0	0	0	44
95	0	0	8	10
96	0	0	0	-82
97	0	0	8	10
98	0	0	8	10
99	1	0	8	130
100	0	0	0	-82
101	0	0	8	10
102	0	0	8	40
103	0	0	8	40
104	0	0	8	40
105	1	0	8	28
106	0	0	0	12
107	0	0	0	12
109	0	0	8	12
110	0	0	8	440
111	0	0	8	12
112	0	0	8	12
113	0	0	0	440
114	0	0	0	12
115	1	0	8	44
116	0	0	8	44
117	0	0	8	40
118	0	0	0	44
119	0	0	0	44
120	0	0	0	44
121	0	0	0	44
122	0	0	8	44
123	0	0	0	12
124	0	0	8	44
125	0	0	8	44
126	0	0	8	44
127	0	0	8	44
128	0	0	8	44
129	0	0	0	44
130	0	0	8	44
131	0	0	0	44
132	0	0	0	40
133	0	0	8	10
134	0	0	8	10
135	0	0	0	40
136	0	0	0	40
138	0	0	0	40
139	0	0	0	40
140	0	0	0	40
141	0	0	0	40
142	0	0	8	40
143	0	0	0	44
144	0	0	0	44
145	0	0	0	44
146	0	0	0	44
147	0	0	8	12
148	0	0	8	10
149	0	0	0	10
150	0	0	8	44
151	0	0	8	40
152	0	0	8	40
153	0	0	8	40
154	0	0	0	10
155	1	2	2	40
156	0	0	8	10
157	0	0	0	10
158	0	0	8	10
159	0	0	0	10
160	0	0	0	10
161	0	0	0	38
162	0	0	0	440
163	0	0	8	10
164	0	0	0	10
165	0	0	8	10
166	81	0	8	1581
167	0	0	8	1581
168	0	0	8	1581
169	1	0	8	44
170	0	0	8	132
171	0	0	0	-284
172	0	0	0	-284
173	0	0	8	10
174	0	0	8	10
175	0	0	8	10
176	1	0	8	12
177	0	0	8	10
178	0	0	0	44
179	0	0	8	132
180	0	0	8	44
181	0	0	8	10
182	0	0	8	132
183	0	0	8	132
184	0	0	0	40
185	0	0	8	33
186	0	0	8	33
187	0	0	8	33
188	0	0	8	33
189	0	0	8	33
190	0	0	8	33
191	0	0	8	33
192	0	0	8	33
193	1	0	8	33
194	0	0	8	33
195	0	0	8	33
196	0	0	8	33
197	1	0	8	33
198	0	0	0	33
199	0	0	0	38
200	0	0	8	33
201	0	0	12	33
202	1	0	8	33
203	0	0	8	33
204	0	0	8	33
205	0	0	8	33
206	1	0	8	33
207	0	0	8	33
208	1	3	8	33
209	0	0	8	33
210	0	0	0	33
211	1	0	8	28
212	0	0	8	1519
213	0	0	8	33
214	81	0	8	1581
215	0	0	8	33
216	0	0	8	331
217	0	0	8	38
218	0	0	8	132
219	0	0	2	44
220	0	0	0	-82
221	0	0	8	10
222	0	0	8	10
223	0	0	0	10
224	0	0	8	38
225	0	0	8	10
226	0	0	8	10
227	0	0	8	10
228	1	0	8	10
229	0	0	8	10
230	0	0	0	10
231	0	0	0	10
232	0	0	0	1497
233	0	0	0	132
234	0	0	0	132
235	0	0	8	1637
237	0	0	8	38
238	0	0	0	1497
239	0	0	8	12
240	0	0	0	10
243	0	0	0	440
244	0	0	8	44
245	0	0	8	10
246	0	0	8	44
247	0	0	8	331
248	1	0	0	44
249	1	0	8	44
250	0	0	8	38
251	0	0	0	10
252	0	0	0	10
253	1	0	8	10
254	0	0	8	10
255	1	0	8	38
256	1	0	8	38
257	0	0	8	38
258	0	0	8	38
261	0	0	8	405
262	0	0	0	10
263	0	0	8	38
264	0	0	0	1638
265	0	0	0	10
266	0	0	0	10
267	0	0	8	38
268	0	0	0	10
269	0	0	0	10
270	0	0	8	10
271	1	0	8	38
272	0	0	8	-263
273	0	0	12	38
274	0	0	0	38
275	0	0	8	11
276	0	0	8	11
277	0	0	8	11
278	1	0	8	38
279	0	0	8	11
280	0	0	0	38
281	0	0	8	11
282	0	0	0	132
283	0	0	8	38
284	0	0	8	11
285	0	0	8	11
286	0	0	0	11
287	0	0	12	1
288	0	0	8	11
289	0	0	8	11
290	0	0	8	11
291	0	0	0	1
292	0	0	0	11
293	0	0	0	11
294	0	0	8	11
295	0	0	8	11
296	0	0	8	11
297	0	0	8	38
298	0	0	0	38
299	0	0	8	11
301	0	0	0	38
302	0	0	8	38
303	1	0	8	11
304	1	0	8	11
305	0	0	8	11
306	0	0	0	11
307	0	0	8	38
308	0	0	8	1
309	0	0	2	38
310	0	0	0	1
311	0	0	0	1
312	0	0	8	1
313	0	0	8	1
314	1	0	8	1
315	0	0	8	1
317	0	0	8	1
318	0	0	8	1
319	0	0	8	1
320	0	0	0	1
321	0	0	8	10
322	0	0	0	10
323	0	0	8	10
324	0	0	8	10
325	0	0	0	10
328	0	0	0	33
329	0	0	0	33
330	0	0	8	33
331	0	0	8	33
332	0	0	0	1519
333	0	0	0	1519
334	0	0	0	1519
335	0	0	8	1519
336	0	0	0	1519
337	0	0	0	10
338	0	0	8	33
339	0	0	8	33
340	0	0	8	33
341	0	0	8	33
342	0	0	8	33
343	0	0	8	1519
344	0	0	8	1519
345	0	0	8	1519
346	0	0	0	1519
347	0	0	8	1519
348	0	0	8	33
349	0	0	8	33
350	0	0	8	1519
351	0	0	0	440
353	0	0	0	1519
354	0	0	8	85
355	0	0	8	85
356	0	0	8	85
357	0	0	8	1497
358	0	0	8	85
359	0	0	8	85
360	0	0	8	85
361	0	0	0	85
362	0	0	8	85
363	0	0	8	154
364	0	0	8	154
365	0	0	8	85
366	0	0	0	85
367	0	0	8	85
368	0	0	8	85
369	0	0	8	85
370	0	0	8	85
371	0	0	8	85
372	0	0	8	85
373	0	0	0	1519
374	0	0	8	85
375	0	0	8	85
376	0	0	8	154
377	81	0	8	717
378	81	0	8	717
379	0	0	8	440
380	0	0	8	154
381	0	0	8	154
382	0	0	8	154
383	0	0	0	154
384	0	0	8	1
385	0	0	8	38
386	81	0	8	717
387	81	0	8	717
388	81	0	8	717
389	0	0	8	1519
391	81	0	8	717
392	0	0	0	1519
393	0	0	0	1519
394	0	0	8	1519
395	0	0	8	1519
396	0	0	0	1519
397	0	0	8	1519
398	0	0	8	85
399	0	0	8	1519
400	0	0	0	1
401	0	0	0	10
403	0	0	8	1
404	0	0	8	85
405	0	0	0	85
407	0	0	0	85
408	0	0	8	85
409	0	0	0	85
410	0	0	8	85
411	0	0	0	85
412	0	0	8	1
413	0	0	0	1
414	0	0	0	1
415	0	0	8	1
416	0	0	8	38
417	0	0	0	1
418	0	0	8	38
419	0	0	8	1
420	0	0	0	132
421	0	0	8	130
422	0	0	8	130
423	0	0	8	130
424	0	0	8	130
425	0	0	8	130
426	0	0	8	85
427	0	0	8	85
428	0	0	8	130
429	0	0	8	130
430	0	0	0	130
431	0	0	8	85
432	0	0	8	1
433	0	0	8	1
434	0	0	2	1519
435	0	0	2	130
436	0	0	8	38
437	0	0	12	130
438	0	0	8	130
439	0	0	0	130
440	0	0	0	130
441	0	0	0	130
442	1	0	8	130
443	0	0	8	130
444	0	0	0	130
445	0	0	0	85
446	0	0	0	130
447	0	0	8	130
448	0	0	8	130
449	0	0	0	130
450	1	0	8	130
451	0	0	8	130
452	1	0	2	130
453	0	0	0	10
454	0	0	8	38
455	0	0	12	11
456	0	0	8	188
457	0	0	8	188
458	0	0	8	188
459	0	0	8	188
460	0	0	0	130
461	0	0	0	130
463	0	0	8	11
464	0	0	8	11
465	0	0	0	11
466	0	0	8	1
467	0	0	8	1
468	0	0	8	11
469	0	0	0	11
470	0	0	8	11
471	0	0	8	11
472	0	0	8	11
473	0	0	8	11
474	1	0	8	11
475	0	0	8	141
476	0	0	8	141
477	0	0	8	130
478	0	0	0	130
479	0	0	8	130
480	0	0	8	130
481	0	0	0	130
482	0	0	8	130
483	0	0	8	141
484	0	0	8	11
485	0	0	0	47
486	0	0	8	141
487	0	0	8	141
488	0	0	8	141
489	0	0	8	141
491	0	0	0	130
492	0	0	0	85
493	0	0	0	130
494	0	0	8	267
495	0	0	8	1497
496	0	0	8	267
498	0	0	8	267
499	0	0	0	267
500	0	0	8	36
501	0	0	8	267
502	0	0	0	267
503	0	0	12	267
504	1	0	8	36
505	0	0	8	36
506	0	0	8	267
507	0	0	8	267
508	0	0	0	267
509	0	0	8	267
510	0	0	0	36
511	0	0	0	36
512	0	0	8	36
513	0	0	0	267
514	0	0	0	36
515	0	0	0	267
516	0	0	8	130
517	1	0	8	267
518	1	0	8	267
519	1	0	8	267
520	1	0	8	267
521	0	0	0	267
522	0	0	0	36
523	0	0	8	36
524	0	0	0	267
525	0	0	0	36
526	0	0	8	10
527	0	0	8	267
528	0	0	8	267
529	0	0	8	267
530	0	0	8	130
531	1	0	0	38
532	0	0	8	267
533	0	0	8	267
535	0	0	8	36
536	0	0	8	267
537	0	0	8	36
538	0	0	8	1519
539	0	0	8	267
540	1	0	8	1519
541	1	0	8	267
542	0	0	0	1519
543	1	0	8	1519
544	0	0	8	267
545	0	0	8	267
546	0	0	8	267
547	1	0	8	267
549	0	0	8	267
550	0	0	0	267
551	0	0	0	36
552	0	0	8	267
553	0	0	0	267
554	0	0	0	36
555	0	0	8	267
556	0	0	8	267
557	0	0	8	267
558	0	0	0	-284
559	0	0	8	267
560	0	0	0	267
561	0	0	8	267
562	0	0	8	267
563	0	0	0	267
564	0	0	8	267
565	0	0	8	267
566	0	0	8	267
567	0	0	8	267
568	0	0	8	33
569	0	0	8	33
570	0	0	8	33
571	0	0	8	33
572	0	0	8	33
573	0	0	8	33
574	0	0	8	33
575	0	0	8	33
576	0	0	8	33
577	0	0	8	33
578	0	0	4	33
579	0	0	8	1519
580	0	0	8	33
581	0	0	8	33
582	0	0	8	33
583	0	0	8	33
584	0	0	8	33
585	0	0	8	33
586	0	0	8	33
587	0	0	8	33
588	0	0	8	33
589	0	0	8	33
590	0	0	2	154
591	1	0	8	33
592	0	0	0	33
593	0	0	8	33
594	0	0	0	33
595	0	0	8	33
596	0	0	8	33
597	0	0	8	33
598	0	0	8	33
599	0	0	8	33
600	0	0	8	33
601	0	0	8	33
602	0	0	0	33
603	0	0	8	33
604	0	0	8	33
605	0	0	8	33
606	0	0	8	33
607	0	0	0	33
608	0	0	8	33
609	0	0	8	33
610	0	0	8	33
611	1	0	0	33
613	1	0	8	33
614	1	0	8	33
615	0	0	8	33
616	0	0	8	33
617	0	0	8	33
618	1	0	8	33
619	0	0	8	33
621	0	0	8	33
622	0	0	0	33
623	0	0	0	33
624	0	0	0	33
625	0	0	8	33
626	0	0	8	33
627	0	0	8	33
628	1	0	8	33
629	1	0	8	33
630	1	0	8	33
631	1	0	8	11
632	0	0	0	11
633	0	0	8	11
634	0	0	8	11
635	0	0	0	45
636	0	0	8	45
637	0	0	0	1537
638	0	0	8	33
639	1	0	8	45
640	1	0	8	45
641	0	0	0	45
642	0	0	8	45
643	1	0	8	45
644	1	0	8	45
645	1	0	0	45
646	1	0	0	45
647	0	0	1	11
648	0	0	2	440
649	0	0	8	1637
650	0	0	8	1637
651	0	0	8	45
652	1	0	8	45
653	0	0	8	45
654	0	0	0	440
655	0	0	8	45
656	1	2	0	45
657	0	0	8	267
658	0	0	8	267
659	0	0	8	267
660	0	0	2	267
661	0	0	8	267
662	0	0	8	45
663	0	0	8	45
664	0	0	8	45
665	0	0	2	45
666	0	0	0	45
667	0	0	2	45
668	0	0	0	45
669	0	0	0	45
670	0	0	0	45
671	0	0	8	45
672	0	0	8	45
673	1	0	8	45
674	0	0	0	45
675	0	0	8	45
676	0	0	8	267
677	0	0	8	45
678	0	0	8	45
679	1	0	8	45
680	1	0	8	45
681	0	0	8	45
682	1	0	8	45
683	0	0	0	1537
684	1	0	8	45
685	1	0	8	45
686	0	0	8	1537
687	0	0	8	45
688	0	0	8	45
689	0	0	8	1537
690	0	0	8	1519
691	0	0	8	45
692	0	0	0	3
693	0	0	8	45
694	1	0	8	45
695	1	0	0	45
696	1	0	8	45
697	1	0	0	45
698	0	0	8	8
699	0	0	8	8
700	0	0	8	1537
701	0	0	8	45
702	0	0	0	45
703	0	0	8	3
704	81	0	8	1517
705	1	0	8	3
706	1	0	8	3
707	0	0	8	1537
708	0	0	0	3
709	81	0	8	1517
710	0	0	8	3
711	0	0	8	3
712	0	0	8	3
713	0	0	8	3
714	0	0	8	3
715	0	0	8	3
716	0	0	8	3
717	1	0	0	3
718	0	0	8	3
719	0	0	8	3
720	0	0	8	3
721	81	0	8	1517
722	81	0	8	1517
723	0	0	0	3
724	0	0	0	3
725	0	0	0	3
726	0	0	8	3
727	0	0	0	3
728	0	0	0	3
729	0	0	8	148
730	0	0	8	1657
731	1	2	2	148
732	0	0	8	3
733	0	0	8	3
734	0	0	8	3
735	1	0	0	3
736	1	0	0	1497
737	0	0	0	3
738	0	0	8	3
739	0	0	8	3
741	0	0	0	148
742	0	0	8	1638
743	0	0	8	215
744	0	0	8	1638
745	0	0	8	215
746	0	0	8	215
747	0	0	8	220
748	0	0	8	215
749	0	0	8	215
750	0	0	8	220
751	0	0	0	215
752	0	0	8	220
753	0	0	0	220
754	0	0	2	215
755	0	0	8	220
756	0	0	8	215
757	0	0	8	220
758	0	0	2	215
759	0	0	8	215
760	0	0	2	215
761	0	0	8	215
762	1	0	8	3
763	0	0	0	220
764	0	0	8	215
765	0	0	8	215
766	0	0	8	215
767	0	0	8	215
768	0	0	8	1638
769	0	0	8	1638
770	0	0	0	215
771	0	0	8	215
772	0	0	0	215
773	0	0	8	215
775	0	0	8	215
776	0	0	8	215
777	0	0	0	3
778	0	0	0	3
779	0	0	8	3
780	0	0	8	220
781	0	0	0	220
782	0	0	8	3
783	0	0	8	9
784	0	0	8	14
786	0	0	8	14
787	0	0	8	363
788	0	0	8	363
789	0	0	8	363
790	0	0	8	363
791	0	0	8	14
792	0	0	8	363
793	1	0	0	3
794	0	0	8	363
795	0	0	8	3
804	0	0	0	363
805	0	0	8	363
806	0	0	8	14
808	0	0	8	14
809	0	0	8	14
812	0	0	8	14
813	0	0	8	14
815	0	0	8	14
816	0	0	8	14
817	0	0	8	14
818	0	0	8	14
819	0	0	0	17
821	0	0	8	17
822	0	0	264	17
823	0	0	8	14
824	0	0	0	331
825	0	0	8	14
826	0	0	8	14
827	0	0	8	14
828	0	0	8	14
829	0	0	0	14
830	0	0	0	14
831	0	0	0	14
832	0	0	0	14
833	0	0	8	215
834	0	0	8	14
835	0	0	8	14
836	0	0	2	47
837	0	0	8	14
838	0	0	8	28
840	0	0	0	14
841	0	0	8	440
842	0	0	0	14
843	0	0	8	17
844	0	0	8	17
845	0	0	8	17
846	0	0	8	17
847	0	0	8	45
848	0	0	8	17
849	0	0	0	17
850	0	0	8	17
851	0	0	8	17
852	0	0	8	17
853	0	0	0	17
854	0	0	8	215
855	0	0	8	17
857	0	0	8	17
858	0	0	8	17
860	0	0	8	17
861	0	0	8	215
862	0	0	8	-304
863	0	0	2	17
864	0	0	0	1497
865	0	0	8	17
866	0	0	8	-24
867	0	0	8	17
868	0	0	0	17
869	0	0	8	17
870	0	0	12	17
871	0	0	8	17
872	0	0	8	17
873	0	0	8	17
874	0	0	8	17
875	0	0	8	17
876	0	0	8	17
877	0	0	0	17
878	0	0	8	17
879	0	0	8	17
880	0	0	8	17
881	0	0	0	17
882	0	0	8	17
883	0	0	0	17
884	0	0	0	17
885	0	0	0	17
886	0	0	8	17
887	0	0	8	17
888	0	0	8	17
889	0	0	8	17
890	0	0	0	17
891	0	0	8	17
892	0	0	0	17
893	0	0	8	17
894	0	0	0	17
895	0	0	8	17
896	0	0	8	17
897	0	0	0	17
898	0	0	2	17
899	0	0	8	17
900	0	0	8	17
901	0	0	0	17
902	0	0	0	17
903	0	0	8	17
905	0	0	8	17
906	0	0	0	17
907	0	0	8	17
910	0	0	4	-284
911	0	0	4	-284
913	0	0	8	17
914	81	0	8	718
915	0	0	0	-284
916	0	0	8	188
917	0	0	8	188
918	0	0	8	141
919	0	0	8	141
920	0	0	8	188
921	0	0	0	188
922	0	0	0	141
923	0	0	8	141
924	0	0	0	14
925	0	0	0	-284
926	0	0	8	14
927	0	0	0	141
928	0	0	0	188
929	0	0	0	141
930	0	0	0	141
931	0	0	0	141
932	0	0	8	141
933	0	0	0	141
934	0	0	0	141
935	0	0	0	141
936	0	0	8	1637
937	0	0	8	141
938	0	0	2	141
939	0	0	0	361
940	0	0	0	141
941	0	0	0	141
942	0	0	0	148
943	0	0	8	148
944	0	0	4	148
945	0	0	2	148
947	0	0	0	148
948	0	0	8	148
949	0	0	8	148
950	0	0	0	148
951	0	0	8	148
952	0	0	0	1657
953	0	0	8	148
954	0	0	8	148
955	0	0	8	148
956	0	0	8	148
957	0	0	0	148
958	0	0	8	148
959	0	0	8	718
960	0	0	8	148
961	0	0	8	148
962	0	0	8	718
963	0	0	8	148
964	0	0	8	28
965	0	0	8	148
966	0	0	8	148
967	0	0	0	148
968	0	0	0	148
969	1	0	8	618
970	0	0	8	148
971	81	0	8	719
972	0	0	8	-82
973	0	0	8	148
974	0	0	0	490
975	0	0	8	618
976	0	0	2	331
977	0	0	8	618
978	0	0	8	702
979	0	0	8	702
980	0	0	8	490
981	0	0	8	148
982	0	0	8	148
983	0	0	8	148
984	0	0	12	148
985	0	0	8	148
986	0	0	8	148
990	0	0	8	331
991	0	0	8	331
992	0	0	0	440
993	0	0	0	148
994	0	0	2	148
995	0	0	2	148
996	0	0	264	361
997	0	0	0	141
998	0	0	264	361
1000	0	0	8	1638
1001	0	0	8	148
1002	0	0	8	148
1003	0	0	8	148
1004	0	0	8	1497
1007	0	0	8	331
1008	0	0	8	331
1009	0	0	8	331
1010	0	0	8	331
1011	0	0	8	331
1012	0	0	8	331
1013	81	0	8	209
1014	81	0	8	209
1015	0	0	8	1519
1016	0	0	0	331
1017	0	0	8	331
1018	0	0	8	1637
1019	0	0	8	1537
1020	0	0	0	331
1021	0	0	8	331
1022	0	0	8	331
1023	0	0	0	331
1024	0	0	0	331
1025	0	0	8	331
1026	0	0	8	331
1027	0	0	8	331
1028	0	0	0	331
1029	0	0	0	331
1030	0	0	0	331
1031	0	0	8	331
1032	0	0	8	331
1033	0	0	8	331
1034	0	0	8	331
1035	0	0	8	331
1036	0	0	8	33
1037	0	0	8	331
1038	0	0	0	331
1039	0	0	8	331
1040	0	0	8	331
1041	0	0	8	331
1042	0	0	8	331
1043	0	0	8	331
1044	0	0	8	331
1045	0	0	0	331
1046	0	0	8	331
1047	0	0	8	1657
1048	81	0	8	796
1049	81	0	8	796
1050	81	0	8	796
1051	1	0	8	796
1052	0	0	0	405
1053	81	0	8	796
1054	0	0	8	331
1055	0	0	8	331
1056	0	0	8	331
1057	0	0	8	406
1058	0	0	8	406
1059	0	0	8	406
1060	0	0	0	17
1061	0	0	8	406
1062	0	0	8	406
1063	0	0	8	406
1064	0	0	0	1638
1065	0	0	0	1638
1066	0	0	8	1638
1067	0	0	0	1638
1068	0	0	8	406
1069	0	0	8	17
1070	0	0	8	331
1071	0	0	8	406
1072	0	0	8	406
1073	0	0	8	406
1074	0	0	0	406
1075	0	0	8	406
1076	0	0	8	406
1077	0	0	0	406
1078	0	0	8	406
1079	0	0	0	406
1080	0	0	0	406
1081	0	0	8	406
1082	0	0	8	406
1083	0	0	8	406
1084	0	0	8	406
1085	0	0	8	331
1086	0	0	2	1638
1087	0	0	8	406
1088	0	0	8	406
1089	1	0	8	406
1090	0	0	3	406
1091	0	0	0	406
1092	0	0	0	406
1093	0	0	8	406
1094	0	0	0	406
1095	0	0	8	406
1096	0	0	8	406
1097	0	0	8	1519
1098	81	0	8	209
1100	1	0	0	400
1101	81	0	8	1717
1102	81	0	8	1717
1103	0	0	8	-82
1104	0	0	8	400
1105	0	0	8	400
1106	0	0	0	400
1107	1	0	8	400
1108	0	0	8	400
1109	81	0	8	1717
1110	0	0	8	400
1111	0	0	0	400
1112	0	0	0	400
1113	0	0	8	796
1114	0	0	0	400
1115	0	0	8	400
1116	0	0	8	8
1117	0	0	0	400
1118	0	0	0	400
1119	0	0	0	400
1120	0	0	0	400
1121	0	0	0	400
1122	0	0	0	400
1123	0	0	8	1638
1124	0	0	0	493
1125	0	0	8	1377
1126	0	0	8	1377
1127	0	0	8	33
1130	0	0	8	1638
1131	0	0	8	1638
1132	0	0	8	11
1133	0	0	8	148
1134	0	0	8	331
1135	0	0	8	15
1136	0	0	0	1638
1137	0	0	8	400
1138	0	0	8	148
1139	81	0	8	1517
1140	0	0	8	148
1141	0	0	0	148
1142	81	0	8	1717
1143	0	0	8	148
1144	81	0	2	1717
1145	0	0	0	17
1146	0	0	0	1637
1147	0	0	8	400
1148	0	0	0	400
1149	0	0	4	400
1150	1	0	8	400
1151	1	0	8	400
1152	0	0	8	400
1153	0	0	8	17
1154	0	0	8	400
1159	0	0	8	400
1160	81	0	8	796
1164	0	0	8	1497
1166	1	0	8	15
1167	0	0	8	148
1168	0	0	8	15
1169	0	0	8	15
1170	0	0	8	15
1171	0	0	8	15
1172	1	0	8	15
1173	1	2	2	15
1175	0	0	8	400
1176	0	0	8	400
1177	0	0	8	15
1178	0	0	8	400
1179	0	0	0	400
1180	0	0	8	400
1181	0	0	8	400
1182	0	0	8	400
1183	0	0	0	400
1184	0	0	8	400
1185	0	0	8	493
1186	0	0	8	400
1187	0	0	8	400
1188	0	0	0	400
1189	0	0	0	400
1190	0	0	8	400
1191	0	0	8	400
1192	0	0	8	400
1193	81	0	8	2557
1194	0	0	0	400
1195	0	0	8	1638
1196	0	0	0	1638
1197	0	0	0	1638
1198	81	0	8	719
1199	81	0	8	719
1200	81	0	8	719
1201	0	0	8	15
1202	0	0	8	15
1203	0	0	8	15
1204	0	0	8	15
1205	0	0	8	15
1206	0	0	8	15
1218	0	0	0	15
1219	0	0	0	15
1220	0	0	0	15
1221	81	0	0	1717
1222	84	0	2	15
1238	0	0	0	15
1239	0	0	0	15
1240	0	0	0	15
1241	0	0	0	1519
1242	0	0	0	1519
1243	0	0	0	1519
1244	0	0	8	1519
1245	0	0	0	1519
1246	0	0	8	1519
1247	0	0	8	1519
1248	0	0	8	1519
1249	0	0	2	1519
1250	0	0	8	1519
1251	0	0	0	15
1252	0	0	0	15
1253	0	0	0	15
1258	0	0	8	15
1259	0	0	8	15
1260	0	0	8	15
1261	0	0	8	15
1262	0	0	0	15
1264	0	0	8	1519
1265	0	0	12	1519
1266	0	0	8	1519
1267	0	0	8	1519
1268	0	0	8	15
1269	0	0	0	15
1270	84	0	2	15
1271	0	0	8	15
1273	0	0	2	15
1274	0	0	8	1519
1275	81	0	8	719
1276	0	0	0	15
1282	0	0	8	15
1284	0	0	8	15
1285	0	0	8	15
1286	0	0	8	15
1287	0	0	8	15
1301	0	0	8	1519
1302	0	0	8	11
1318	81	0	0	2557
1319	0	0	0	15
1320	0	0	8	15
1321	0	0	0	15
1322	0	0	8	15
1323	0	0	8	15
1324	0	0	2	1519
1338	0	0	0	38
1339	0	0	8	38
1358	0	0	0	1497
1359	0	0	0	1497
1360	81	0	8	1517
1361	0	0	8	405
1362	0	0	8	405
1363	0	0	0	1519
1364	0	0	8	1519
1365	0	0	8	405
1366	0	0	8	405
1367	0	0	8	405
1368	0	0	8	405
1369	0	0	8	405
1370	0	0	8	405
1371	0	0	8	405
1372	0	0	8	10
1373	0	0	8	405
1374	0	0	8	405
1375	0	0	8	405
1380	1	0	8	405
1381	1	0	8	405
1382	0	0	8	405
1383	1	0	8	10
1384	0	0	8	405
1385	0	0	8	405
1386	0	0	8	405
1387	0	0	8	405
1388	0	0	0	10
1389	0	0	8	8
1391	0	0	0	10
1392	0	0	0	8
1393	0	0	2	8
1394	0	0	8	400
1395	0	0	0	10
1396	0	0	8	8
1398	0	0	8	8
1418	0	0	8	8
1419	0	0	8	3
1420	0	0	0	3
1421	0	0	8	8
1422	0	0	8	8
1423	0	0	0	8
1424	1	0	8	8
1425	0	0	0	8
1426	0	0	8	8
1427	0	0	8	8
1428	0	0	8	8
1429	0	0	0	8
1430	0	0	8	8
1431	0	0	8	1637
1432	0	0	8	1637
1433	0	0	8	1637
1434	0	0	8	1637
1435	0	0	0	1637
1436	0	0	8	1637
1437	0	0	8	405
1438	0	0	8	405
1439	0	0	8	405
1440	0	0	2	405
1442	81	0	264	-141
1444	0	0	8	47
1445	81	0	8	1417
1446	81	0	8	1417
1447	0	0	2	1519
1448	1	0	12	1519
1449	0	0	8	1519
1450	0	0	8	47
1451	0	0	8	47
1452	0	0	8	47
1453	0	0	8	1537
1454	0	0	8	405
1455	0	0	8	405
1456	0	0	0	405
1457	0	0	0	405
1458	0	0	8	405
1459	0	0	8	405
1462	0	0	8	-82
1463	0	0	8	-82
1464	0	0	8	-82
1465	0	0	0	405
1466	0	0	8	405
1467	0	0	0	405
1468	0	0	0	-284
1469	0	0	0	47
1470	0	0	8	-61
1471	0	0	0	-61
1472	0	0	8	-61
1473	0	0	8	-61
1474	0	0	0	-61
1475	81	0	8	1417
1476	0	0	0	-61
1477	0	0	8	1519
1478	0	0	8	-61
1479	0	0	4	-284
1480	0	0	0	405
1481	0	0	8	405
1482	0	0	8	405
1483	0	0	8	17
1484	0	0	8	405
1485	0	0	8	-61
1486	81	0	8	718
1487	81	0	8	718
1488	1	0	8	405
1489	0	0	8	718
1490	0	0	8	718
1491	81	0	8	718
1492	0	0	0	17
1498	0	0	8	-81
1499	0	0	8	-61
1501	0	0	8	-61
1502	0	0	8	-81
1503	0	0	8	-81
1504	0	0	0	-61
1505	0	0	8	-81
1506	0	0	8	-61
1507	0	0	8	-61
1508	0	0	8	-61
1509	0	0	8	-61
1510	0	0	8	-61
1511	0	0	0	-61
1512	0	0	0	-61
1513	0	0	0	-61
1514	0	0	264	361
1515	0	0	0	-61
1516	0	0	8	-82
1517	0	0	0	-82
1518	0	0	0	-82
1519	0	0	8	-82
1520	0	0	0	-82
1521	0	0	0	-82
1522	0	0	8	-82
1523	0	0	8	-82
1524	0	0	0	-82
1525	0	0	8	-82
1526	0	0	0	-82
1527	0	0	0	-82
1528	0	0	8	-82
1529	0	0	8	-82
1530	0	0	8	-82
1531	0	0	8	-82
1532	0	0	8	-82
1534	0	0	0	-82
1535	0	0	0	-82
1536	0	0	0	-82
1558	0	0	4	-284
1559	0	0	8	-201
1560	0	0	2	440
1578	0	0	8	-121
1579	0	0	8	-101
1580	0	0	8	-101
1581	0	0	8	-181
1582	0	0	8	-182
1598	0	0	8	-61
1599	0	0	8	-61
1618	0	0	8	-121
1638	0	0	8	-81
1639	0	0	8	-81
1640	0	0	2	-81
1641	0	0	8	-141
1642	0	0	0	-141
1643	0	0	8	-141
1644	0	0	8	-141
1645	0	0	8	-141
1646	0	0	0	-141
1647	0	0	8	-141
1648	0	0	8	-141
1649	0	0	0	-141
1650	0	0	8	-141
1651	0	0	3	-141
1652	0	0	8	-141
1653	81	0	8	-141
1654	81	0	0	-141
1655	1	0	264	-141
1656	0	0	0	220
1657	41	0	0	-22
1658	41	0	4	-22
1661	0	0	8	-141
1665	0	0	0	-81
1666	0	0	8	-81
1667	0	0	8	-81
1678	0	0	8	-81
1679	0	0	8	-81
1680	0	0	0	-81
1681	0	0	8	-81
1682	0	0	8	-81
1683	0	0	8	-81
1684	0	0	8	-81
1685	0	0	8	-61
1686	0	0	8	-81
1687	0	0	4	-284
1688	0	0	8	-61
1689	0	0	0	-61
1690	0	0	8	440
1691	0	0	8	440
1692	0	0	0	-81
1693	0	0	8	-81
1698	0	0	8	-81
1699	0	0	5	-81
1700	0	0	0	-81
1701	1	0	0	-81
1702	0	0	0	-81
1703	0	0	0	-81
1704	0	0	0	-81
1705	0	0	8	-81
1706	0	0	8	-81
1707	0	0	8	440
1708	0	0	8	-81
1709	0	0	8	-81
1710	0	0	8	-81
1711	0	0	8	-81
1712	0	0	0	-81
1713	1	0	0	-81
1714	0	0	8	-81
1715	0	0	8	-61
1716	0	0	8	-61
1717	0	0	8	-61
1718	0	0	8	-81
1719	0	0	5	-81
1738	0	0	0	-61
1739	0	0	0	-61
1740	81	0	8	-61
1758	0	0	8	-61
1778	0	0	8	-141
1779	0	0	0	-141
1780	0	0	8	-141
1781	0	0	0	-141
1782	0	0	8	-81
1783	0	0	8	-141
1784	0	0	0	-141
1785	0	0	8	-141
1786	0	0	8	-141
1787	0	0	0	-141
1788	0	0	8	-141
1789	0	0	8	-141
1790	0	0	8	-141
1791	0	0	8	-81
1792	0	0	8	-81
1793	0	0	8	-141
1794	0	0	8	-141
1795	0	0	0	-61
1796	0	0	8	-61
1798	0	0	8	-61
1799	0	0	8	-61
1800	0	0	4	-284
1801	0	0	8	-61
1802	0	0	8	-61
1803	0	0	8	-61
1804	0	0	0	-61
1805	0	0	0	-61
1806	0	0	0	-141
1818	0	0	8	-81
1819	0	0	8	-81
1820	0	0	8	-81
1821	0	0	8	-81
1822	0	0	8	-81
1823	0	0	8	-81
1824	0	0	8	-81
1825	0	0	8	-81
1838	0	0	0	-81
1839	0	0	8	-81
1840	0	0	8	-81
1841	0	0	8	-81
1842	0	0	8	-81
1843	0	0	8	-81
1844	0	0	8	-81
1845	0	0	8	-81
1846	0	0	8	-81
1847	0	0	8	-81
1848	0	0	8	-81
1858	0	0	0	-162
1859	0	0	8	-162
1860	0	0	8	-161
1861	0	0	0	-161
1878	0	0	264	440
1879	0	0	8	-161
1880	0	0	8	-161
1881	0	0	8	-161
1882	0	0	8	-161
1883	0	0	8	-161
1884	0	0	8	-161
1885	0	0	8	-162
1886	0	0	8	-162
1898	0	0	0	-162
1899	0	0	8	-162
1918	0	0	0	331
1919	0	0	8	-161
1920	0	0	0	-161
1921	0	0	8	-161
1938	0	0	8	-161
1939	0	0	8	-161
1940	0	0	8	-161
1941	0	0	8	-161
1942	0	0	8	-161
1943	0	0	8	-161
1944	0	0	0	-161
1945	0	0	8	-161
1946	0	0	8	-161
1947	0	0	8	-161
1948	0	0	0	-161
1949	0	0	8	-161
1950	0	0	10	-161
1951	81	0	8	-161
1952	0	0	0	-161
1953	0	0	8	-161
1954	0	0	8	-161
1955	1	0	0	-161
1956	81	0	8	-161
1957	0	0	0	-161
1958	0	0	8	-161
1959	0	0	8	-161
1960	0	0	0	-161
1961	0	0	8	-161
1962	0	0	8	-161
1963	0	0	8	-162
1978	0	0	0	-162
1998	0	0	8	-162
1999	0	0	8	-162
2038	0	0	8	38
2039	0	0	8	1537
2040	81	0	8	1581
2041	0	0	8	1537
2078	1	0	0	148
2098	0	0	8	148
2118	0	0	0	148
2138	0	0	8	148
2139	0	0	8	148
2158	0	0	8	12
2159	0	0	0	141
2160	0	0	0	1
2161	0	0	0	14
2178	0	0	8	-304
2198	81	0	0	1517
2199	81	0	8	1517
2200	81	0	0	1517
2201	81	0	0	1517
2202	81	0	8	1517
2203	1	0	0	3
2204	81	0	8	1517
2205	0	0	0	-162
2206	0	0	8	-162
2218	0	0	8	-162
2238	0	0	8	-162
2239	0	0	0	-162
2240	81	0	12	1517
2241	0	0	0	-162
2242	0	0	8	-162
2258	0	0	8	3
2259	0	0	8	-162
2260	0	0	8	-162
2278	81	0	2	1517
2279	0	0	0	1517
2280	81	0	0	1517
2281	0	0	8	-162
2282	0	0	0	-162
2283	81	0	8	1517
2284	81	0	8	1517
2298	0	0	8	-162
2299	0	0	8	-162
2300	0	0	8	-162
2318	81	0	0	1517
2338	81	0	0	1517
2339	81	0	0	1517
2340	81	0	0	1517
2341	81	0	8	1517
2342	81	0	8	1517
2358	0	0	8	-162
2359	1	0	0	-162
2360	0	0	8	-162
2361	81	0	8	1517
2378	0	0	8	-162
2379	0	0	8	-162
2380	0	0	8	-162
2381	0	0	0	-162
2382	0	0	8	-162
2383	0	0	0	-81
2398	81	0	8	1517
2399	0	0	8	141
2418	81	0	8	1517
2438	0	0	8	141
2439	0	0	0	1537
2440	0	0	0	1638
2458	0	0	0	-162
2459	0	0	8	141
2460	0	0	2	-162
2478	1	0	8	-162
2479	0	0	0	-162
2480	0	0	2	-162
2498	0	0	8	141
2499	1	0	8	141
2500	0	0	8	38
2501	1	0	0	38
2518	0	0	8	1657
2519	0	0	8	1657
2520	0	0	2	1657
2521	0	0	8	4
2522	0	0	264	4
2523	0	0	264	361
2541	0	0	8	141
2561	0	0	2	141
2581	0	0	8	4
2582	0	0	8	4
2583	0	0	8	4
2584	0	0	8	4
2585	0	0	8	4
2586	0	0	8	4
2601	0	0	8	4
2602	0	0	8	4
2603	0	0	8	4
2604	0	0	8	4
2605	0	0	8	440
2606	0	0	0	440
2607	0	0	8	-162
2608	0	0	2	-162
2609	0	0	8	-162
2621	0	0	8	4
2622	0	0	8	8
2623	0	0	8	8
2641	0	0	8	440
2661	0	0	0	440
2662	0	0	0	440
2681	0	0	8	4
2701	0	0	0	4
2702	0	0	0	4
2721	1	0	8	4
2741	0	0	0	440
2742	0	0	2	47
2743	0	0	8	4
2744	0	0	10	4
2745	0	0	8	1519
2746	0	0	8	1519
2747	0	0	8	440
2748	0	0	8	440
2749	0	0	8	440
2750	0	0	8	440
2751	0	0	8	-121
2752	0	0	8	-121
2753	0	0	8	-121
2754	0	0	8	-121
2755	0	0	2	-121
2756	0	0	8	-121
2757	0	0	0	-121
2758	0	0	8	-121
2759	0	0	0	-121
2760	0	0	0	-121
2761	0	0	8	-121
2762	0	0	8	-121
2763	0	0	8	-121
2764	0	0	8	-121
2765	0	0	2	-121
2766	0	0	0	357
2767	0	0	2	357
2768	81	0	8	978
2769	81	0	8	400
2770	81	0	8	978
2771	0	0	8	-121
2772	0	0	8	-121
2773	0	0	8	-121
2781	0	0	8	440
2782	0	0	0	47
2783	0	0	8	4
2784	0	0	10	4
2801	0	0	10	4
2821	0	0	8	357
2822	0	0	8	357
2841	81	0	0	133
2842	81	0	8	133
2843	81	0	2	133
2844	0	0	8	357
2845	0	0	2	357
2846	81	0	8	978
2847	0	0	8	-182
2848	0	0	8	-182
2849	0	0	8	-182
2850	0	0	8	-182
2851	0	0	8	-182
2852	0	0	8	-182
2853	0	0	0	-182
2854	0	0	8	-182
2855	0	0	8	-182
2856	0	0	8	-182
2857	0	0	8	-182
2858	0	0	8	-182
2859	0	0	8	-182
2860	0	0	0	-182
2861	81	0	8	978
2862	0	0	8	357
2863	0	0	8	357
2864	81	0	8	978
2865	81	0	8	978
2866	0	0	8	357
2867	0	0	8	357
2869	0	0	8	357
2870	0	0	8	357
2871	0	0	0	357
2872	0	0	8	440
2873	0	0	8	440
2874	0	0	0	440
2875	0	0	8	440
2876	0	0	0	440
2877	0	0	8	47
2878	0	0	264	361
2879	0	0	0	357
2880	0	0	8	47
2881	0	0	264	47
2882	0	0	0	-221
2902	0	0	8	357
2903	0	0	0	357
2904	81	0	2	133
2922	81	0	8	133
2923	81	0	8	133
2924	81	0	8	133
2925	81	0	8	133
2926	81	0	0	133
2927	81	0	8	133
2928	81	0	8	133
2929	81	0	8	133
2930	81	0	8	133
2931	81	0	8	133
2932	0	0	2	47
2933	0	0	0	47
2934	0	0	8	47
2935	1	0	8	47
2936	81	0	10	978
2937	1	0	0	47
2938	0	0	0	47
2939	0	0	8	357
2940	0	0	8	357
2941	0	0	0	357
2942	0	0	0	357
2943	0	0	0	357
2944	1	0	0	357
2945	81	0	256	133
2946	1	0	0	1537
2947	81	0	0	133
2948	0	0	256	1537
2949	81	0	0	133
2950	0	0	256	1637
2951	81	0	264	133
2952	81	0	8	133
2953	81	0	8	133
2954	1	0	2	440
2962	81	0	0	133
2963	0	0	8	1537
2964	0	0	8	1537
2965	0	0	8	1638
2966	1	0	0	1638
2967	1	0	0	1638
2968	0	0	8	1638
2969	0	0	2	357
2970	0	0	8	357
2972	0	0	0	357
2973	0	0	8	357
2974	0	0	8	357
2975	0	0	8	357
2976	0	0	0	357
2977	1	0	0	1537
2978	0	0	0	357
2979	0	0	8	357
2980	0	0	8	357
2981	0	0	8	1637
2982	0	0	8	357
2983	0	0	8	-82
2984	0	0	8	-82
2985	0	0	8	-82
2986	0	0	8	-82
2987	0	0	0	357
2988	0	0	8	47
2989	0	0	12	47
2990	0	0	0	47
2991	81	0	8	978
2992	0	0	2	47
2993	1	0	8	47
2994	1	0	8	47
2995	0	0	8	1497
2996	0	0	8	-61
2997	0	0	8	-141
2998	0	0	8	-141
2999	0	0	8	-141
3000	0	0	8	-141
3001	0	0	8	-61
3002	0	0	0	357
3022	0	0	0	440
3042	81	0	8	978
3062	1	0	8	357
3063	0	0	8	357
3065	0	0	0	-81
3082	0	0	0	-261
3083	0	0	0	-162
3084	0	0	0	-82
3085	0	0	0	-262
3086	0	0	0	-161
3087	0	0	0	-261
3088	0	0	0	-162
3089	0	0	0	-82
3090	0	0	0	-61
3091	0	0	0	-81
3092	0	0	0	-261
3093	0	0	0	-82
3094	0	0	0	-263
3095	0	0	0	-81
3096	0	0	0	-162
3097	0	0	0	-262
3098	0	0	0	-161
3099	0	0	0	-61
3100	0	0	0	-81
3101	0	0	0	-141
3102	0	0	0	-162
3103	0	0	0	-262
3104	0	0	0	-161
3105	0	0	0	-61
3106	0	0	0	-81
3107	0	0	0	-141
3108	0	0	0	-261
3109	0	0	0	-162
3110	0	0	0	-262
3112	0	0	0	-81
3113	0	0	0	-162
3114	0	0	0	-161
3115	0	0	0	-61
3116	0	0	0	-81
3117	0	0	0	-261
3118	0	0	0	-162
3119	0	0	0	-262
3120	0	0	0	-263
3121	0	0	0	357
3122	0	0	0	357
3123	0	0	0	357
3124	0	0	0	357
3125	0	0	0	357
3126	0	0	0	357
3127	1	0	0	357
3128	0	0	8	357
3129	0	0	0	357
3130	0	0	8	357
3141	0	0	10	16
3161	0	0	0	440
3181	1	0	0	51
3182	1	0	0	38
3201	1	0	0	1537
3221	0	0	8	130
3261	0	0	8	17
3281	0	0	8	17
3301	0	0	0	17
3321	0	0	2	-121
3341	81	0	8	722
3361	0	0	8	132
3362	0	0	8	440
3363	0	0	264	361
3364	0	0	0	132
3365	0	0	0	132
3367	0	0	2	51
3368	0	0	0	51
3369	0	0	0	17
3370	0	0	0	17
3371	0	0	8	1537
3372	1	0	8	51
3373	81	0	0	1417
3374	0	0	0	8
3375	0	0	8	1517
3376	0	0	8	220
3377	0	0	10	51
3378	0	0	8	51
3379	0	0	8	-264
3380	81	0	8	1417
3382	0	0	258	16
3385	1	0	8	-264
3402	0	0	8	-264
3421	0	0	8	16
3441	0	0	10	51
3442	0	0	8	51
3443	0	0	8	51
3444	0	0	8	440
3445	0	0	8	357
3446	81	0	0	1417
3447	81	0	8	1417
3448	0	0	8	1537
3449	0	0	0	1537
3450	0	0	8	1537
3451	0	0	8	1537
3452	1	0	8	51
3453	0	0	2	51
3454	0	0	8	51
3461	0	0	0	1537
3462	0	0	8	51
3463	1	0	0	51
3481	0	0	8	51
3483	0	0	8	1537
3501	0	0	8	4
3502	0	0	8	4
3503	0	0	0	16
3504	0	0	0	1637
3505	0	0	12	1637
3506	0	0	8	1637
3507	0	0	0	1637
3508	0	0	0	16
3509	0	0	8	16
3510	1	0	8	16
3511	0	0	0	16
3512	0	0	8	8
3513	0	0	0	17
3514	1	0	0	17
3517	0	0	8	16
3518	0	0	0	16
3519	0	0	8	188
3520	0	0	0	440
3521	0	0	8	188
3522	0	0	0	188
3523	81	0	0	722
3524	0	0	8	148
3525	81	0	2	722
3526	0	0	0	-201
3527	81	0	8	978
3528	81	0	0	1417
3541	0	0	0	16
3542	0	0	0	16
3561	0	0	0	16
3562	0	0	0	16
3563	0	0	0	16
3564	0	0	0	16
3565	0	0	0	16
3566	1	0	0	51
3567	0	0	8	357
3568	0	0	0	1497
3569	0	0	0	1497
3570	0	0	8	1497
3601	0	0	8	16
3602	1	0	0	16
3621	0	0	0	16
3625	0	0	2	33
3626	0	0	8	33
3627	1	0	8	4
3628	1	2	0	4
3629	0	0	0	-201
3630	0	0	0	-201
3631	0	0	8	-61
3632	0	0	0	-201
3633	0	0	0	-201
3634	0	0	0	-201
3635	0	0	0	-201
3636	81	0	0	722
3637	0	0	0	-201
3638	0	0	0	-201
3639	0	0	8	-201
3640	0	0	0	-201
3641	0	0	8	-201
3642	0	0	0	-201
3643	0	0	8	-201
3644	0	0	8	-201
3645	0	0	8	-201
3646	0	0	8	-201
3647	0	0	8	-201
3661	0	0	8	702
3681	0	0	8	-141
3701	0	0	8	1537
3702	0	0	10	1537
3721	0	0	8	35
3741	0	0	8	44
3761	0	0	8	1638
3762	0	0	8	1638
3763	0	0	8	1657
3764	0	0	8	1657
3765	0	0	8	1519
3781	0	0	0	1657
3782	0	0	0	1638
3783	0	0	8	618
3784	0	0	8	1497
3785	0	0	0	1657
3786	0	0	0	1638
3787	0	0	8	1519
3788	0	0	8	1116
3789	0	0	8	1519
3790	0	0	8	1537
3791	0	0	0	1116
3792	0	0	264	1116
3801	81	0	8	1584
3802	81	0	8	1584
3803	0	0	264	1657
3804	0	0	264	1638
3821	0	0	8	3
3822	0	0	8	46
3823	0	0	8	46
3824	0	0	8	46
3825	0	0	0	46
3841	0	0	0	357
3842	0	0	8	357
3843	0	0	0	357
3844	0	0	8	490
3845	0	0	0	490
3861	0	0	264	-284
3881	0	0	8	490
3882	0	0	8	490
3883	0	0	0	490
3884	0	0	0	490
3901	0	0	8	154
3902	0	0	8	154
3903	0	0	8	9
3904	0	0	8	9
3905	0	0	0	9
3906	81	0	8	25
3907	81	0	8	1584
3908	0	0	0	490
3909	0	0	8	490
3912	0	0	0	490
3913	0	0	0	490
3914	0	0	0	490
3921	0	0	0	17
3922	0	0	8	17
3923	0	0	0	17
3924	0	0	8	17
3941	0	0	8	490
3942	0	0	8	490
3961	0	0	0	490
3962	1	0	0	490
3981	81	0	8	1584
3982	81	0	2	1584
4001	81	0	10	1584
4002	81	0	8	1584
4003	81	0	8	1584
4004	81	0	8	1584
4005	0	0	0	490
4021	1	3	0	17
4022	0	0	10	46
4023	1	0	8	46
4024	81	0	0	1584
4041	0	0	8	357
4061	0	0	8	46
4062	0	0	0	3
4063	81	0	8	1584
4081	81	0	8	1584
4082	81	0	8	1584
4083	81	0	8	1584
4084	0	0	8	490
4101	0	0	8	361
4102	0	0	8	361
4103	0	0	8	361
4104	0	0	8	361
4105	0	0	8	361
4106	0	0	8	361
4107	0	0	8	361
4108	0	0	8	361
4109	0	0	8	361
4110	0	0	8	361
4111	0	0	8	361
4112	0	0	8	361
4113	0	0	264	361
4114	0	0	264	361
4115	0	0	264	361
4116	0	0	264	361
4117	0	0	264	361
4118	0	0	264	361
4119	0	0	264	361
4120	0	0	8	357
4121	81	0	2	1584
4122	81	0	0	1584
4123	81	0	8	1584
4124	0	0	8	357
4125	0	0	8	357
4126	81	0	8	1584
4127	0	0	0	357
4128	81	0	8	1584
4129	0	0	0	357
4130	0	0	8	357
4131	0	0	8	357
4132	81	0	8	1584
4133	81	0	8	1584
4134	81	0	8	1584
4135	0	0	0	357
4136	81	0	8	1584
4141	0	0	8	490
4142	0	0	0	490
4143	81	0	8	490
4144	0	0	8	490
4145	0	0	8	490
4146	1	0	0	1417
4147	0	0	8	490
4148	81	0	8	490
4161	0	0	8	-304
4181	0	0	0	-201
4182	1	0	8	46
4183	0	0	0	46
4184	0	0	0	46
4185	0	0	10	46
4186	0	0	0	46
4201	81	0	0	1584
4221	0	0	264	361
4222	0	0	264	361
4223	0	0	8	46
4224	0	0	10	46
4241	81	0	8	1584
4242	81	0	8	1584
4243	0	0	8	490
4244	0	0	8	490
4245	0	0	2	490
4261	0	0	2	361
4262	81	0	8	25
4263	81	0	8	1584
4264	81	0	0	1584
4265	0	0	2	357
4266	0	0	8	357
4267	0	0	0	357
4281	0	0	0	357
4282	81	0	8	1584
4283	0	0	8	46
4284	0	0	8	490
4285	0	0	10	490
4286	81	0	8	1584
4287	0	0	10	490
4288	0	0	10	490
4289	0	0	8	490
4290	0	0	8	490
4291	0	0	8	490
4292	0	0	0	490
4293	0	0	8	1497
4294	0	0	8	1497
4295	81	0	8	1584
4296	0	0	8	46
4297	0	0	8	357
4298	0	0	8	357
4300	0	0	8	1637
4301	0	0	8	490
4321	0	0	8	490
4322	81	0	2	1584
4324	81	0	8	1584
4341	81	0	8	1584
4342	81	0	10	1584
4343	0	0	264	361
4361	81	0	8	1584
4362	81	0	8	1584
4363	81	0	8	1584
4381	0	0	8	490
4382	0	0	8	490
4383	0	0	8	490
4384	0	0	8	490
4385	0	0	8	490
4386	0	0	8	490
4401	0	0	264	361
4402	0	0	8	363
4403	0	0	264	361
4421	0	0	8	361
4441	0	0	0	361
4442	0	0	8	361
4443	0	0	264	361
4444	0	0	264	361
4445	0	0	264	361
4446	0	0	264	361
4447	0	0	264	361
4448	0	0	264	361
4449	0	0	8	51
4450	0	0	0	51
4451	0	0	0	51
4461	0	0	264	361
4462	0	0	264	361
4463	0	0	8	46
4464	0	0	264	361
4465	0	0	264	361
4466	0	0	264	361
4467	0	0	264	361
4481	0	0	8	46
4482	0	0	8	46
4483	0	0	8	46
4484	0	0	8	46
4485	0	0	8	-141
4486	0	0	8	-141
4487	0	0	8	-61
4488	0	0	8	-61
4489	0	0	8	-61
4490	0	0	8	-61
4491	0	0	2	490
4492	0	0	0	490
4493	0	0	8	1657
4494	0	0	8	1637
4495	0	0	8	188
4496	0	0	8	440
4501	0	0	8	490
4502	0	0	8	490
4503	0	0	8	490
4504	0	0	8	440
4505	0	0	0	361
4506	0	0	2	361
4507	0	0	0	440
4508	0	0	0	440
4509	0	0	0	440
4510	0	0	0	1657
4511	0	0	0	1637
4512	0	0	0	1537
4513	0	0	0	1537
4521	0	0	8	361
4542	0	0	0	400
4561	0	0	8	1497
4581	0	0	0	331
4601	81	0	8	133
4602	81	0	8	133
4603	81	0	8	133
4604	81	0	8	133
4605	81	0	8	133
4606	81	0	8	133
4621	0	0	8	33
4641	0	0	8	363
4642	0	0	0	1497
4661	0	0	8	1497
4681	0	0	8	148
4701	81	0	8	1583
4721	0	0	8	361
4722	0	0	0	148
4723	0	0	0	148
4724	81	0	8	1583
4725	0	0	0	148
4726	0	0	0	46
4727	0	0	0	148
4728	0	0	0	148
4729	81	0	0	1583
4730	0	0	0	148
4731	0	0	0	148
4732	0	0	0	148
4733	0	0	0	148
4734	62	0	66	1583
4735	62	0	64	1583
4736	0	0	8	-61
4737	0	0	8	-61
4738	0	0	8	-61
4739	0	0	8	-61
4740	0	0	8	148
4741	0	0	8	361
4742	81	0	8	1583
4743	81	0	0	1583
4761	0	0	8	148
4762	0	0	0	148
4763	0	0	0	148
4764	62	0	72	1583
4765	0	0	64	1583
4766	62	0	72	1583
4767	0	0	8	400
4768	62	0	72	1583
4769	62	0	72	1583
4770	0	0	2	400
4771	81	0	2	2057
4781	0	0	8	-61
4782	0	0	8	-61
4783	0	0	8	-61
4784	0	0	8	-61
4785	0	0	8	-61
4786	0	0	2	-61
4787	1	0	8	47
4788	81	0	8	1583
4801	0	0	8	618
4802	0	0	8	618
4803	0	0	8	618
4804	0	0	8	618
4805	0	0	8	618
4806	0	0	8	618
4807	0	0	8	618
4808	0	0	0	46
4809	0	0	8	618
4810	0	0	0	618
4811	0	0	12	148
4812	0	0	0	148
4813	0	0	8	148
4821	0	0	8	400
4822	0	0	0	-284
4841	0	0	8	400
4842	0	0	12	618
4861	0	0	8	618
4862	81	0	8	1583
4863	0	0	8	618
4864	0	0	8	618
4865	0	0	8	400
4866	81	0	10	1583
4867	81	0	0	1583
4881	0	0	0	400
4882	0	0	0	618
4883	0	0	0	618
4901	0	0	2	618
4902	0	0	8	618
4903	81	0	0	1583
4904	0	0	2	400
4906	0	0	8	361
4907	62	0	72	1583
4921	0	0	8	17
4941	0	0	10	1637
4961	1	0	0	-61
4962	0	0	0	-61
4963	0	0	0	-61
4964	0	0	2	-61
4965	0	0	8	-61
4966	0	0	2	400
4967	0	0	8	-61
4968	0	0	8	-61
4969	0	0	8	-61
4970	0	0	8	618
4971	0	0	0	28
4972	0	0	8	28
4973	0	0	264	28
4974	62	0	72	1583
4975	0	0	2	-61
4976	0	0	0	-61
4981	81	0	8	1583
4982	81	0	8	1583
4983	81	0	0	1583
4984	0	0	8	28
4985	0	0	8	28
4986	0	0	0	28
4987	0	0	0	28
5001	81	0	8	1583
5002	81	0	0	1583
5021	0	0	8	28
5022	0	0	0	28
5023	0	0	0	28
5041	0	0	8	17
5042	0	0	8	17
5043	0	0	8	17
5044	0	0	8	17
5045	0	0	8	17
5046	0	0	8	17
5047	81	0	0	1583
5048	0	0	0	1519
5049	0	0	0	1497
5050	0	0	0	28
5051	0	0	0	28
5052	0	0	8	17
5054	1	0	8	618
5055	1	0	8	618
5056	1	0	8	618
5057	0	0	8	618
5058	0	0	8	28
5059	0	0	8	28
5060	0	0	0	28
5061	0	0	0	-263
5062	0	0	8	400
5063	1	0	8	618
5064	0	0	8	400
5065	1	0	8	139
5066	0	0	8	1519
5067	1	0	8	618
5068	1	0	8	618
5081	81	0	8	1583
5082	0	0	8	618
5083	0	0	0	618
5084	0	0	8	618
5085	0	0	0	618
5086	0	0	8	618
5087	0	0	8	618
5088	1	0	2	400
5089	81	0	0	1583
5090	0	0	8	1537
5091	0	0	8	1657
5092	0	0	8	28
5093	0	0	8	28
5094	0	0	8	28
5095	0	0	8	28
5096	0	0	2	28
5097	0	0	0	28
5098	1	0	0	28
5102	62	0	72	1583
5103	81	0	8	-121
5121	1	0	8	618
5122	81	0	8	2017
5123	0	0	0	618
5124	1	0	8	618
5125	81	0	8	2017
5126	0	0	10	618
5127	81	0	64	1583
5128	0	0	0	618
5141	0	0	8	-182
5142	0	0	8	139
5143	0	0	8	-182
5144	0	0	8	-182
5145	0	0	8	-182
5146	0	0	8	-182
5147	0	0	8	400
5148	0	0	8	-182
5149	0	0	8	139
5150	0	0	8	490
5151	1	0	0	400
5152	0	0	8	139
5153	1	0	8	139
5154	0	0	8	28
5155	0	0	8	361
5156	1	0	12	361
5157	0	0	0	361
5158	0	0	0	361
5159	0	0	0	361
5160	81	0	0	1583
5161	0	0	8	618
5162	1	0	0	28
5163	0	0	0	618
5164	1	0	0	28
5165	0	0	0	361
5166	1	0	8	28
5167	1	0	8	28
5168	1	0	8	139
5181	0	0	8	139
5201	0	0	8	618
5202	0	0	0	361
5203	0	0	2	361
5204	0	0	8	361
5206	0	0	0	139
5210	0	0	0	139
5211	0	0	8	139
5212	81	0	8	2017
5213	81	0	8	2017
5214	81	0	8	2017
5215	0	0	8	28
5216	0	0	0	28
5217	0	0	0	28
5218	0	0	264	28
5219	0	0	0	28
5220	0	0	0	28
5221	0	0	264	28
5222	0	0	0	28
5223	0	0	0	28
5224	0	0	264	28
5225	0	0	0	28
5226	0	0	0	28
5227	0	0	264	28
5228	0	0	8	28
5229	0	0	0	28
5230	0	0	0	28
5231	0	0	0	28
5232	0	0	0	28
5233	0	0	0	28
5234	0	0	0	28
5235	0	0	0	28
5236	0	0	0	28
5237	0	0	8	28
5238	0	0	8	28
5241	0	0	8	139
5242	0	0	8	361
5243	81	0	8	2017
5244	0	0	8	618
5245	0	0	0	618
5246	0	0	8	139
5247	1	0	0	139
5248	0	0	0	139
5249	0	0	8	361
5250	0	0	8	702
5251	81	0	8	2017
5252	0	0	0	618
5253	0	0	0	618
5261	0	0	8	9
5262	81	0	0	2017
5263	81	0	8	2017
5264	1	0	8	139
5265	1	0	8	139
5281	81	0	8	139
5282	81	0	0	2017
5283	0	0	8	-121
5284	0	0	8	-121
5301	0	0	8	-121
5302	0	0	8	-121
5305	81	0	8	-121
5306	81	0	8	-121
5307	81	0	8	-121
5321	0	0	2	148
5341	81	0	8	2057
5342	1	3	0	28
5343	81	0	8	2057
5344	1	3	0	28
5361	0	0	0	400
5381	0	0	0	405
5382	81	0	8	2057
5384	81	0	0	2057
5385	0	0	0	361
5386	0	0	8	405
5401	0	0	8	28
5402	0	0	264	28
5403	0	0	264	28
5404	0	0	264	28
5405	0	0	8	28
5406	0	0	264	28
5407	0	0	264	28
5408	0	0	264	28
5421	0	0	8	405
5441	0	0	0	363
5461	1	0	8	28
5462	1	0	0	28
5463	81	0	0	2017
5464	1	0	0	139
5465	1	0	0	28
5466	81	0	0	2057
5481	0	0	8	85
5482	0	0	8	85
5501	0	0	8	405
5502	0	0	0	-284
5503	0	0	8	139
5504	0	0	8	28
5505	0	0	8	28
5507	0	0	8	28
5508	0	0	264	139
5509	0	0	264	139
5510	0	0	264	139
5511	0	0	8	28
5513	0	0	8	139
5514	0	0	256	28
5515	81	0	8	2057
5517	0	0	8	139
5518	81	0	8	2557
5519	81	0	8	2557
5521	0	0	8	28
5522	81	0	0	46
5524	0	0	8	28
5525	81	0	8	2557
5526	81	0	0	493
5527	0	0	8	493
5528	81	0	8	2557
5529	81	0	8	2057
5531	81	0	0	2057
5533	0	0	8	28
5534	0	0	8	16
5535	0	0	8	16
5536	0	0	8	16
5537	0	0	8	28
5538	0	0	256	28
5541	0	0	8	1
5542	0	0	8	139
5543	0	0	8	139
5544	0	0	8	139
5545	0	0	8	12
5561	0	0	0	405
5581	0	0	0	405
5582	81	0	0	2057
5601	0	0	8	139
5621	0	0	8	-262
5622	0	0	8	-262
5623	0	0	8	-262
5624	0	0	8	-262
5625	0	0	8	-262
5626	0	0	8	-262
5627	0	0	8	-262
5628	0	0	8	-262
5629	0	0	8	-262
5630	0	0	8	-262
5631	0	0	8	-262
5632	0	0	8	-262
5633	0	0	8	-262
5634	0	0	8	-262
5635	0	0	8	-262
5636	0	0	8	-262
5637	0	0	8	-262
5638	0	0	8	-262
5639	0	0	8	-262
5641	0	0	8	-262
5642	0	0	8	-262
5643	0	0	8	-262
5644	0	0	8	-262
5645	0	0	8	-262
5646	0	0	8	-262
5647	0	0	8	-262
5648	0	0	8	-262
5649	0	0	8	-262
5650	0	0	8	-262
5651	0	0	8	-262
5652	0	0	8	-262
5654	0	0	8	-262
5655	0	0	8	-262
5656	0	0	8	-262
5657	0	0	8	-262
5658	0	0	8	-262
5660	0	0	8	-262
5661	0	0	8	-262
5662	0	0	8	-262
5663	0	0	8	-262
5672	0	0	8	-262
5673	0	0	8	-262
5674	0	0	8	-262
5675	0	0	8	-262
5676	0	0	8	-262
5677	0	0	8	-262
5679	0	0	8	-262
5680	0	0	8	-262
5713	0	0	2	148
5721	62	0	64	139
5722	81	0	8	2437
5723	81	0	8	2437
5724	81	0	0	2437
5725	81	0	8	2437
5726	0	0	8	1637
5727	0	0	2	1637
5728	81	0	8	2437
5729	0	0	8	1637
5730	0	0	8	1637
5741	0	0	8	405
5742	0	0	10	139
5761	81	0	8	2437
5762	0	0	0	400
5763	0	0	0	405
5781	0	0	8	139
5801	0	0	0	440
5802	0	0	0	440
5803	1	0	8	28
5804	1	0	8	28
5805	0	0	0	24
5821	0	0	2	405
5841	0	0	0	132
5842	0	0	0	188
5843	0	0	0	363
5844	0	0	0	221
5845	0	0	8	139
5846	0	0	8	139
5847	0	0	0	154
5848	81	0	8	2017
5861	0	0	0	28
5862	1	0	0	28
5863	0	0	8	440
5881	0	0	0	406
5882	0	0	8	361
5883	0	0	8	361
5884	0	0	8	361
5885	0	0	8	361
5886	0	0	8	361
5887	0	0	8	361
5888	0	0	8	361
5889	0	0	8	361
5890	0	0	8	361
5891	0	0	8	361
5892	41	0	72	2597
5893	41	0	72	2597
5901	0	0	0	85
5902	0	0	0	85
5903	0	0	0	28
5904	0	0	0	28
5921	0	0	0	-263
5922	0	0	0	-263
5923	0	0	8	-263
5924	0	0	8	-263
5925	0	0	8	-263
5926	0	0	8	-263
5927	0	0	8	-263
5928	0	0	8	-263
5929	0	0	10	-263
5930	0	0	10	-263
5931	0	0	8	-263
5932	0	0	8	-263
5941	0	0	0	139
5942	0	0	0	139
5943	0	0	2	405
5944	1	0	2	28
5961	0	0	8	1497
5981	1	0	8	618
6001	0	0	2	-263
6002	0	0	2	-263
6004	0	0	8	28
6021	0	0	8	139
6022	0	0	0	139
6023	0	0	8	28
6024	0	0	8	139
6025	1	0	12	28
6026	0	0	8	139
6027	0	0	0	405
6028	0	0	0	618
6029	0	0	0	618
6030	0	0	0	618
6031	0	0	8	1769
6032	0	0	8	1769
6041	1	0	0	139
6042	0	0	8	139
6061	0	0	2	-261
6062	0	0	2	-261
6063	0	0	2	-261
6064	0	0	2	-261
6065	0	0	8	-261
6066	0	0	8	-261
6067	0	0	8	-261
6068	0	0	8	-261
6069	0	0	8	-261
6070	0	0	8	-261
6071	0	0	8	-261
6072	0	0	8	-261
6073	0	0	8	-261
6074	0	0	8	-261
6075	0	0	8	-261
6076	0	0	8	-261
6081	0	0	8	-261
6082	0	0	2	-261
6083	0	0	2	-261
6084	0	0	2	-261
6085	0	0	2	-261
6086	0	0	8	-261
6087	0	0	2	-261
6088	0	0	2	-261
6089	0	0	8	-261
6101	0	0	2	-261
6102	0	0	2	-261
6103	0	0	8	-261
6121	0	0	8	-263
6122	0	0	0	-263
6123	0	0	8	-263
6124	0	0	0	-263
6125	0	0	8	-263
6126	0	0	8	-263
6127	0	0	0	-263
6128	0	0	8	-263
6129	0	0	0	-263
6130	0	0	8	-263
6132	0	0	2	405
6133	0	0	8	139
6134	0	0	0	405
6135	1	0	8	139
6136	1	0	8	139
6141	0	0	8	405
6142	0	0	8	405
6143	0	0	8	405
6144	0	0	8	139
6145	1	0	8	139
6146	1	0	0	139
6147	1	0	8	139
6148	1	0	0	139
6161	0	0	8	405
6162	0	0	8	361
6163	81	0	8	2017
6164	0	0	8	139
6181	0	0	0	40
6182	1	0	8	1519
6183	1	0	8	1519
6184	1	0	8	28
6185	1	0	12	139
6186	1	0	8	1519
6187	62	0	72	139
6261	0	0	0	40
6281	0	0	0	40
6282	0	0	8	406
6283	1	0	8	406
6284	1	0	8	406
6285	0	0	0	40
6301	0	0	8	406
6321	0	0	0	130
6322	0	0	0	130
6323	0	0	0	130
6324	0	0	0	130
6341	0	0	0	148
6342	0	0	0	148
6343	0	0	0	148
6344	0	0	8	1657
6361	0	0	0	17
6362	0	0	0	17
6363	0	0	0	17
6364	0	0	0	17
6365	0	0	0	17
6381	0	0	0	406
6382	0	0	8	17
6383	0	0	8	331
6384	0	0	0	17
6385	0	0	0	17
6386	0	0	0	17
6387	0	0	0	38
6388	0	0	0	38
6389	0	0	0	28
6390	0	0	0	28
6391	0	0	0	38
6392	0	0	0	38
6393	0	0	8	406
6394	0	0	8	363
6395	0	0	8	154
6401	0	0	8	406
6402	62	0	72	1519
6403	62	0	66	1519
6421	0	0	12	406
6441	0	0	8	331
6442	0	0	8	331
6461	0	0	8	406
6462	0	0	8	331
6481	1	0	0	406
6482	0	0	2	331
6501	62	0	0	1519
6502	62	0	72	1583
6503	0	0	8	331
6504	0	0	8	331
6521	81	0	8	722
6522	81	0	0	722
6523	0	0	2	406
6541	0	0	8	17
6542	0	0	8	406
6543	0	0	0	17
6544	0	0	2	331
6545	0	0	8	331
6546	0	0	8	331
6547	0	0	8	331
6548	0	0	8	406
6561	81	0	8	719
6562	81	0	8	719
6563	81	0	8	719
6564	81	0	0	719
6565	81	0	8	719
6566	0	0	10	1637
6567	0	0	8	1637
6568	0	0	0	405
6569	62	0	72	1583
6570	1	0	0	15
6571	0	0	8	331
6581	0	0	8	331
6582	62	0	72	15
6583	62	0	72	15
6584	62	0	72	15
6585	62	0	72	15
6601	0	0	0	15
6602	62	0	72	1583
6603	0	0	8	618
6604	0	0	8	618
6605	0	0	8	618
6606	0	0	8	618
6607	0	0	8	-101
6608	0	0	8	-101
6609	0	0	8	-101
6610	0	0	8	-304
6611	0	0	8	-304
6612	0	0	8	-304
6621	1	0	0	331
6622	0	0	2	-324
6623	0	0	8	-324
6624	0	0	2	-324
6625	0	0	8	-324
6626	81	0	8	722
6627	0	0	10	400
6628	0	0	10	400
6629	0	0	8	406
6641	1	2	2	331
6642	81	0	8	2717
6643	81	0	8	2717
6644	81	0	8	2717
6645	81	0	8	2717
6646	81	0	8	2717
6661	0	0	0	2257
6662	0	0	0	2257
6681	0	0	0	-162
6701	0	0	8	-162
6721	0	0	8	-261
6722	0	0	8	-261
6741	0	0	72	2597
6761	0	0	8	1657
6762	0	0	8	1657
6781	41	0	72	2597
6801	41	0	72	2597
6804	0	0	0	16
6805	0	0	8	16
6821	62	0	72	16
6822	62	0	72	16
6823	0	0	72	16
6824	62	0	72	16
6825	41	0	72	2597
6826	41	0	72	2597
6827	41	0	72	2597
6844	0	0	0	1377
6845	0	0	8	493
6846	0	0	72	2597
6847	41	0	74	2597
6848	41	0	74	2597
6861	41	0	72	2597
6862	41	0	72	2597
6881	41	0	72	2597
6901	41	0	72	2597
6921	81	0	8	719
6922	81	0	0	331
6941	41	0	72	2597
6942	41	0	72	2597
6943	41	0	72	2597
6961	0	0	8	-22
6962	0	0	8	-22
6963	0	0	8	-22
6964	0	0	8	-22
6981	0	0	2	718
6982	41	0	72	2597
6983	1	0	8	-22
6984	0	0	8	-22
6985	41	0	72	2597
7001	0	0	66	2597
7002	41	0	72	2597
7003	0	0	0	357
7021	0	0	8	-22
7022	0	0	8	-22
7023	0	0	8	-22
7024	0	0	8	-22
7025	0	0	8	-22
7026	41	0	72	2597
7027	0	0	66	2597
7028	81	0	8	2100
7029	81	0	0	2100
7041	81	0	0	2100
7042	0	0	8	-22
7043	1	0	8	-22
7044	81	0	8	2100
7045	0	0	8	-22
7046	81	0	2	2100
7061	0	0	0	-22
7062	0	0	8	-22
7063	0	0	0	-22
7064	81	0	8	2100
7065	81	0	8	2100
7066	81	0	0	2100
7067	81	0	0	2100
7068	81	0	8	2100
7070	81	0	8	2100
7081	41	0	72	2597
7082	41	0	72	2597
7101	41	0	72	2597
7102	41	0	72	2597
7121	41	0	72	2597
7122	41	0	72	2597
7123	41	0	72	2597
7124	41	0	72	2597
7141	41	0	74	2597
7142	41	0	74	2597
7161	0	0	72	2597
7162	0	0	72	2597
7163	0	0	8	2597
7164	0	0	8	2597
7165	0	0	8	2597
7166	0	0	8	2597
7167	0	0	8	2597
7168	0	0	8	2597
7169	0	0	8	2597
7170	0	0	8	2597
7171	0	0	8	2597
7172	0	0	8	2597
7181	62	0	64	2597
7201	81	0	8	1584
7202	62	0	64	2597
7221	41	0	72	2597
7222	41	0	72	2597
7223	41	0	72	2597
7224	41	0	72	2597
7241	41	0	72	2597
7261	41	0	72	2597
7281	41	0	72	2597
7282	41	0	72	2597
7301	41	0	72	2597
7302	41	0	72	2597
7321	0	0	8	-304
7341	0	0	8	1637
7342	0	0	8	1537
7361	41	0	72	2597
7362	41	0	72	2597
7363	41	0	72	2597
7364	41	0	72	2597
7365	41	0	72	2597
7366	41	0	72	2597
7367	41	0	72	2597
7368	41	0	72	2597
7381	62	0	64	2597
7382	62	0	64	2597
7383	0	0	0	141
7385	41	0	72	2597
7386	41	0	72	2597
7401	41	0	72	2597
7402	41	0	72	2597
7421	41	0	72	2597
7422	41	0	72	2597
7423	41	0	72	2597
7424	41	0	72	2597
7425	41	0	72	2597
7426	41	0	72	2597
7427	41	0	72	2597
7428	41	0	72	2597
7429	81	0	264	2557
7441	81	0	8	2557
7461	81	0	8	2557
7462	81	0	8	2557
7463	81	0	8	2557
7481	81	0	10	2557
7482	81	0	10	2557
7483	81	0	264	2557
7484	81	0	264	2557
7485	81	0	264	2557
7486	0	0	8	16
7488	81	0	8	2557
7489	81	0	8	2557
7490	0	0	0	1637
7491	0	0	8	1637
7492	81	0	8	2557
7493	0	0	8	1637
7494	81	0	8	2557
7495	0	0	0	1519
7496	0	0	0	1519
7497	0	0	8	1519
7498	81	0	0	2557
7499	81	0	0	2557
7500	81	0	0	2557
7501	81	0	0	2557
7502	81	0	0	2557
7503	81	0	0	2557
7504	81	0	0	2557
7505	81	0	0	2557
7506	81	0	0	2557
7507	81	0	0	2557
7508	81	0	0	2557
7509	62	0	64	2159
7541	0	0	8	15
7562	0	0	0	-61
7563	0	0	8	-61
7564	0	0	0	-61
7581	81	0	8	-61
7582	1	0	8	-61
7583	1	0	64	-61
7601	0	0	8	-61
7602	0	0	8	-61
7603	1	0	0	-61
7604	81	0	0	1584
7621	0	0	0	-262
7622	0	0	3	-262
7623	0	0	0	-61
7624	0	0	0	-61
7625	0	0	0	-61
7626	0	0	0	-61
7627	0	0	0	-61
7628	0	0	0	-61
7629	81	0	0	-61
7630	0	0	0	-61
7631	81	0	0	-61
7632	0	0	32	-261
7633	0	0	0	-261
7634	62	0	64	-261
7635	62	0	0	-261
7636	0	0	0	-261
7637	0	0	256	-141
7638	0	0	0	-141
7639	0	0	0	-141
7640	0	0	0	-141
7641	0	0	0	-141
7642	81	0	256	-141
7643	81	0	0	-141
7644	0	0	0	-141
7645	0	0	256	-141
7646	0	0	0	-141
7647	81	0	0	-141
7648	0	0	0	-141
7649	81	0	0	-121
7650	81	0	0	-121
7651	81	0	0	-121
7652	0	0	0	-121
7653	0	0	0	-121
7654	0	0	0	-121
7655	0	0	0	-121
7656	0	0	0	-121
7657	0	0	0	-121
7658	0	0	0	-121
7659	0	0	0	-121
7660	0	0	0	1637
7661	0	0	0	1637
7662	0	0	0	1638
7663	0	0	0	1638
7664	0	0	0	14
7665	0	0	0	14
7666	81	0	0	-141
7667	0	0	0	-82
7671	0	0	0	1657
7672	0	0	0	1657
7673	0	0	0	1
7674	0	0	0	1
7675	0	0	0	1
7676	0	0	0	1
7677	0	0	0	12
7678	0	0	0	12
7701	1	0	8	51
7703	81	0	0	2557
7704	0	0	0	51
7721	0	0	8	357
7722	0	0	8	51
7723	0	0	8	51
7724	0	0	8	51
7725	0	0	256	357
7726	0	0	256	357
7727	0	0	8	51
7728	0	0	8	51
7729	0	0	8	51
7730	0	0	8	357
7731	0	0	8	357
7732	0	0	0	357
7733	0	0	8	357
7734	0	0	8	357
7735	0	0	256	357
7736	0	0	0	51
7737	81	0	0	51
7738	0	0	256	357
7761	81	0	64	1583
7781	0	0	0	1519
7782	0	0	0	1519
7783	0	0	0	1637
7784	0	0	0	1637
7785	0	0	0	-344
7786	62	0	64	-344
7787	0	0	0	-344
7788	41	0	64	3277
7789	41	0	64	3277
7791	0	0	0	1519
7792	0	0	0	1657
7793	0	0	0	1519
7794	0	0	0	1519
7795	0	0	0	1519
7796	0	0	0	1519
7798	0	0	0	1657
7799	0	0	0	1657
7800	0	0	0	1657
7801	0	0	0	1657
7802	0	0	0	1537
7803	0	0	0	1537
7804	0	0	0	1537
7805	0	0	0	1537
7806	0	0	0	1537
7807	0	0	0	1537
7808	0	0	0	1537
7809	0	0	0	1537
7810	41	0	0	33
7811	0	0	0	1537
7812	0	0	0	1537
7813	0	0	0	1497
7814	0	0	0	1497
7815	0	0	8	47
7816	1	0	8	47
7817	0	0	0	1497
7818	0	0	0	1497
7819	0	0	0	1497
7820	0	0	0	1638
7821	0	0	0	1638
7822	0	0	0	1638
7823	0	0	0	1638
7824	0	0	0	1637
7825	0	0	0	1638
7826	0	0	0	1637
7827	0	0	0	1637
7828	0	0	8	47
7829	0	0	8	47
7830	0	0	8	47
7831	0	0	0	1637
7832	0	0	0	1637
7833	0	0	0	1637
7834	0	0	0	1637
7835	0	0	0	1637
7836	0	0	0	1637
7837	0	0	0	1637
7838	41	0	8	33
7839	0	0	8	47
7840	0	0	8	47
7841	41	0	8	47
7842	41	0	0	47
7843	41	0	2	47
7844	0	0	8	47
7845	1	0	8	47
7846	1	0	0	47
7847	1	0	0	47
7848	81	0	64	2717
7849	1	0	8	47
7850	1	0	8	47
7861	1	0	8	47
7862	1	0	8	47
7863	0	0	0	331
7864	0	0	0	331
7865	0	0	0	331
7866	0	0	0	331
7867	0	0	0	331
7868	0	0	0	331
7871	41	0	64	3277
7872	41	0	64	3277
7873	41	0	64	3277
7874	41	0	64	3277
7875	41	0	64	3277
7876	41	0	64	3277
7877	81	0	8	2557
7881	0	0	8	-364
7882	0	0	8	-364
7883	0	0	8	-364
7884	0	0	8	-364
7885	0	0	8	-364
7886	41	0	256	3277
7887	41	0	320	3277
7888	41	0	328	3277
7889	0	0	8	-364
7890	0	0	8	-364
7891	0	0	8	-364
7892	0	0	8	-364
7893	0	0	8	-364
7894	0	0	8	-364
7895	0	0	8	-364
7896	0	0	8	-364
7897	0	0	8	-364
7898	0	0	8	-364
7899	0	0	8	-364
7900	0	0	8	-364
7901	0	0	8	-364
7902	0	0	8	-364
7903	0	0	8	-364
7905	0	0	0	1537
7907	0	0	256	-364
7921	41	0	320	3277
7922	41	0	256	3277
7923	41	0	256	3277
7924	41	0	256	3277
7925	41	0	256	3277
7926	0	0	0	1637
7927	0	0	256	-364
7928	0	0	256	-364
7929	0	0	256	-364
7930	0	0	8	-364
7931	0	0	8	-364
7932	0	0	8	-364
7933	0	0	8	-364
7934	0	0	8	-364
7935	0	0	8	-364
7936	0	0	8	-364
7937	0	0	256	-364
7938	0	0	256	-364
7939	0	0	8	-364
7940	0	0	8	-364
7941	0	0	8	-364
7942	0	0	8	-364
7943	0	0	8	-364
7944	0	0	256	-364
7945	0	0	256	-364
7946	0	0	8	-364
7981	0	0	8	-364
8041	62	0	64	1977
8042	62	0	0	1977
8043	62	0	64	1977
8044	62	0	64	1977
8045	62	0	0	1977
8046	62	0	64	1977
8047	62	0	64	1977
8048	62	0	64	1977
8049	62	0	0	1977
8050	62	0	64	1977
8051	62	0	64	1977
8052	62	0	64	1977
8053	62	0	8	19
8054	62	0	8	19
8055	62	0	8	19
8056	62	0	8	19
8057	62	0	8	19
8058	62	0	8	19
8059	62	0	8	19
8060	62	0	8	19
8061	62	0	8	19
8062	62	0	8	19
8063	62	0	8	19
8064	62	0	8	19
8065	62	0	8	19
8066	62	0	8	19
8067	62	0	8	19
8068	62	0	8	19
8069	62	0	8	19
8070	62	0	8	19
8071	62	0	8	19
8072	62	0	8	19
8073	62	0	8	19
8074	62	0	8	19
8075	62	0	8	19
8076	62	0	8	19
8077	62	0	8	19
8078	62	0	8	19
8079	62	0	8	19
8080	41	0	64	3358
8081	41	0	256	3358
8101	62	0	0	1977
8102	62	0	64	1977
8103	62	0	64	1977
8104	62	0	64	1977
8105	41	0	72	3358
8106	62	0	0	1977
8107	62	0	64	1977
8108	62	0	64	1977
8109	62	0	64	1977
8110	62	0	0	1977
8111	62	0	64	1977
8112	62	0	64	1977
8113	62	0	64	1977
8114	41	0	10	3358
8115	41	0	10	3358
8116	62	0	0	1977
8117	62	0	64	1977
8118	62	0	64	1977
8119	62	0	64	1977
8120	41	0	72	3358
8121	41	0	10	3358
8122	41	0	10	3358
8123	41	0	72	3358
8124	41	0	256	3358
8141	62	0	64	1977
8142	62	0	64	1977
8143	62	0	64	1977
8144	62	0	64	1977
8145	62	0	64	1977
8146	62	0	64	1977
8147	62	0	64	1977
8148	62	0	64	1977
8149	0	0	2	-22
8150	0	0	2	-22
8151	0	0	0	-261
8153	0	0	0	-261
8154	41	0	64	3358
8155	41	0	64	3358
8156	41	0	64	3358
8157	41	0	256	3358
8158	41	0	256	3358
8159	41	0	256	3358
8160	41	0	64	3358
8161	41	0	64	3358
8162	41	0	64	3358
8163	41	0	256	3358
8164	41	0	256	3358
8165	41	0	256	3358
8166	41	0	72	3358
8167	41	0	72	3358
8168	41	0	72	3358
8169	41	0	72	3358
8170	41	0	72	3358
8171	41	0	72	3358
8181	62	0	8	19
8182	62	0	8	440
8183	0	0	0	19
8184	62	0	64	1977
8185	62	0	64	1977
8186	62	0	64	1977
8187	62	0	64	1977
8188	62	0	64	1977
8189	62	0	64	1977
8190	62	0	64	1977
8191	62	0	64	1977
8192	62	0	64	1977
8193	0	0	0	-101
8194	0	0	0	-101
8195	0	0	264	19
8196	0	0	8	19
8201	62	0	64	19
8221	0	0	0	-101
8222	0	0	8	-364
8223	0	0	8	-364
8224	0	0	0	-101
8225	0	0	0	-101
8227	62	0	0	19
8228	0	0	8	-101
8229	0	0	8	-101
8231	0	0	0	-261
8232	81	0	0	-261
8233	0	0	0	-162
8234	0	0	8	-162
8235	0	0	0	-162
8236	81	0	0	-162
8238	0	0	264	19
8239	0	0	256	19
8240	0	0	10	19
8241	0	0	0	51
8242	0	0	0	51
8243	0	0	0	19
8246	0	0	8	19
8249	0	0	8	-162
8250	0	0	0	-161
8251	0	0	0	-161
8252	0	0	0	-161
8253	81	0	0	-161
8254	0	0	8	-262
8255	0	0	8	-262
8256	0	0	0	-262
8257	81	0	0	-262
8258	81	0	0	-82
8260	0	0	0	3358
8261	0	0	0	3358
8262	0	0	0	3358
8263	0	0	0	3358
8264	0	0	0	3358
8265	0	0	0	3358
8266	0	0	0	3277
8267	0	0	0	3277
8268	0	0	0	3277
8269	0	0	0	3277
8271	41	0	0	2597
8272	41	0	0	2597
8273	0	0	0	47
8275	0	0	8	1537
8276	0	0	8	1637
8277	0	0	8	1377
8278	0	0	8	1377
8279	0	0	8	1377
8280	0	0	8	1377
8281	0	0	8	1377
8282	0	0	8	1377
8283	1	0	8	1377
8284	0	0	8	1377
8285	0	0	0	1377
8286	0	0	12	1377
8287	0	0	0	1377
8288	62	0	64	2677
8289	41	0	328	3277
8290	41	0	64	3277
8291	41	0	64	3277
8292	41	0	328	3277
8293	41	0	328	3277
8294	41	0	64	3277
8295	41	0	64	3277
8296	41	0	328	3277
8297	41	0	64	3358
8298	41	0	328	3358
8299	41	0	64	3358
8300	41	0	328	3358
8301	1	0	64	1377
8302	1	0	320	1377
8303	0	0	0	1377
8304	1	0	8	1377
8305	0	0	64	1377
8306	1	0	0	1377
8307	0	0	0	-304
8308	1	0	0	1377
8309	1	0	0	1377
8310	1	0	8	1377
8311	0	0	8	-22
8312	0	0	8	-22
8313	0	0	0	-304
8314	1	0	0	1377
8315	1	2	64	1377
8316	62	0	0	1377
8317	0	0	0	-304
8318	0	0	8	1377
8319	0	0	8	1377
8320	0	0	8	1377
8321	0	0	8	1377
8322	41	0	0	-22
8323	0	0	8	1377
8324	0	0	8	1377
8331	1	0	0	1377
8332	1	0	8	1377
8333	0	0	8	1377
8341	1	0	8	1377
8342	0	0	8	1377
8343	0	0	8	1377
8348	1	2	0	1377
8349	1	0	8	1377
8351	62	0	72	1377
8352	62	0	0	1377
8353	0	0	2	-22
8354	0	0	2	-22
8355	0	0	2	-22
8356	0	0	2	-22
8357	0	0	2	-22
8358	0	0	2	-22
8359	0	0	2	-22
8360	0	0	2	-22
8361	1	0	8	1377
8362	1	0	8	1377
8363	1	2	8	1377
8364	62	0	264	1377
8365	0	0	8	440
8366	0	0	8	440
8367	41	0	8	1637
8368	41	0	8	3277
8369	41	0	8	2597
8370	41	0	8	3358
8371	41	0	8	1537
8372	41	0	8	3277
8373	41	0	2	-22
8374	41	0	8	3358
8375	41	0	8	2839
8376	62	0	64	1377
8377	62	0	0	1377
8378	62	0	0	1377
8379	62	0	0	1377
8380	62	0	0	1377
8381	62	0	8	1377
8382	62	0	0	1377
8383	41	0	8	2839
8384	41	0	8	3358
8385	41	0	8	1537
8386	41	0	8	3277
8387	41	0	8	2839
8388	41	0	8	1637
8389	41	0	8	3277
8390	41	0	8	3358
8391	41	0	8	3358
8392	41	0	8	3358
8393	41	0	8	3358
8394	41	0	8	3358
8395	41	0	8	3358
8396	41	0	8	3358
8397	41	0	8	3358
8398	41	0	8	3358
8399	41	0	8	3277
8400	41	0	8	3277
8401	41	0	8	3277
8402	41	0	8	3277
8403	41	0	8	3277
8404	41	0	8	3277
8405	41	0	8	3277
8406	41	0	8	3277
8407	41	0	8	3277
8408	41	0	8	3277
8409	41	0	0	-22
8410	0	0	0	-82
8411	0	0	8	-82
8412	0	0	0	-82
8413	81	0	0	-82
8414	0	0	0	-141
8415	0	0	0	-141
8416	0	0	0	-141
8417	0	0	0	-81
8418	81	0	8	-141
8419	0	0	0	-61
8420	0	0	0	-61
8421	0	0	0	-61
8422	81	0	0	-61
8423	0	0	0	-81
8424	0	0	0	-81
8425	81	0	0	-81
8426	41	0	8	3277
8427	41	0	8	3277
8428	41	0	8	3277
8429	41	0	8	3277
8430	41	0	8	3277
8431	41	0	8	3277
8432	41	0	8	3277
8433	41	0	8	3277
8434	41	0	8	3277
8435	41	0	8	3277
8436	41	0	8	3358
8437	41	0	8	3358
8438	41	0	8	3358
8439	41	0	8	3358
8440	41	0	8	3358
8441	41	0	8	3358
8442	41	0	8	3358
8443	41	0	8	3358
8446	0	0	64	-1
8447	0	0	66	-1
8460	0	0	8	361
8461	0	0	8	1769
8462	0	0	8	361
8464	0	0	8	1769
8465	0	0	8	361
8466	0	0	256	361
8467	0	0	256	361
8469	0	0	256	361
8470	0	0	0	361
8471	0	0	0	618
8481	1	0	0	1769
8484	0	0	0	1769
8485	0	0	0	1769
8492	0	0	8	-365
8493	0	0	0	-365
8494	0	0	8	-365
8495	0	0	0	-365
8496	0	0	256	1377
8497	0	0	256	1377
8498	1	0	256	1377
8499	0	0	8	-365
8500	0	0	0	-365
8501	1	0	256	1377
8502	1	0	256	1377
8503	0	0	8	-365
8504	0	0	0	-365
8505	0	0	8	-365
8506	0	0	0	-365
8507	1	0	0	1377
8508	0	0	8	1377
8509	0	0	8	-365
8510	0	0	0	-365
8511	0	0	8	-365
8512	0	0	0	-365
8513	0	0	8	-365
8514	0	0	0	-365
8515	0	0	8	-365
8516	0	0	0	-365
8517	0	0	8	-365
8518	0	0	0	-365
8519	0	0	66	1377
8520	0	0	8	-365
8521	0	0	0	-365
8522	0	0	8	-365
8523	0	0	0	-365
8524	0	0	8	-365
8525	0	0	0	-365
8526	0	0	8	-365
8527	0	0	0	-365
8528	0	0	8	-365
8529	0	0	0	-365
8532	0	0	8	-365
8533	0	0	0	-365
8534	1	0	256	1377
8535	1	0	256	1377
8536	1	0	256	1377
8537	1	0	256	1377
8538	1	2	256	1377
8539	1	0	256	1377
8540	0	0	256	1377
8541	0	0	0	1377
8542	0	0	8	-365
8543	0	0	0	-365
8544	62	0	8	3428
8545	0	0	8	-365
8546	0	0	0	-365
8548	0	0	264	1377
8549	0	0	8	-365
8550	0	0	0	-365
8551	1	0	8	33
8552	1	0	0	33
8553	0	0	8	33
8554	1	0	8	33
8555	0	0	64	440
8556	62	0	8	3428
8557	62	0	8	3428
8558	62	0	8	3428
8559	62	0	8	3428
8560	62	0	8	3428
8561	62	0	8	3428
8562	62	0	8	3428
8565	0	0	8	3358
8566	0	0	8	3358
8567	0	0	8	3277
8568	0	0	8	3277
8569	0	0	8	3277
8570	0	0	8	3277
8572	0	0	264	1377
8573	0	0	0	1377
8574	0	0	256	1377
8575	0	0	0	16
8576	0	0	0	440
8577	0	0	64	440
8578	62	0	64	2717
8579	62	0	256	3428
8580	0	0	8	-365
8581	0	0	0	-365
8582	0	0	8	-365
8583	0	0	0	-365
8584	0	0	64	440
8585	62	0	64	440
8586	0	0	64	440
8587	0	0	64	440
8588	0	0	8	-365
8589	0	0	0	-365
8590	0	0	8	-365
8591	0	0	0	-365
8592	62	0	8	3428
8593	62	0	8	3428
8594	62	0	8	3428
8595	62	0	256	3428
8596	62	0	8	3428
8597	0	0	64	440
8598	0	0	64	440
8599	0	0	64	440
8600	0	0	8	-365
8601	0	0	0	-365
8602	62	0	8	3428
8603	62	0	8	3428
8604	0	0	8	-365
8605	0	0	0	-365
8606	1	0	64	440
8607	0	0	8	-365
8608	0	0	0	-365
8609	0	0	8	-365
8610	0	0	0	-365
8611	0	0	8	-365
8612	0	0	0	-365
8613	0	0	8	-365
8614	0	0	0	-365
8615	0	0	8	-365
8616	0	0	0	-365
8619	0	0	8	-366
8620	62	0	64	440
8621	62	0	8	3428
8622	62	0	8	3428
8623	62	0	8	3428
8624	62	0	8	3428
8625	62	0	8	3428
8626	62	0	8	3428
8627	62	0	8	3428
8628	62	0	8	3428
8629	62	0	8	3428
8630	62	0	8	3428
8631	62	0	8	3428
8632	62	0	8	3428
8633	62	0	8	3428
8634	62	0	8	3428
8635	0	0	8	-366
8636	0	0	8	-366
8637	62	0	8	3428
8638	62	0	8	3428
8639	62	0	8	3428
8640	62	0	8	3428
8641	62	0	8	3428
8642	0	0	8	-366
8643	0	0	8	-366
8644	0	0	8	-366
8645	0	0	8	-366
8646	0	0	8	-366
8647	0	0	8	-366
8648	0	0	8	-366
8649	0	0	8	-366
8650	0	0	8	-366
8651	0	0	8	-366
8652	0	0	8	-366
8653	0	0	8	-366
8654	0	0	8	-366
8655	62	0	8	3428
8656	62	0	8	3428
8657	62	0	8	3428
8658	62	0	8	3428
8659	62	0	8	3428
8660	62	0	8	3428
8661	62	0	8	3428
8662	62	0	8	3428
8663	62	0	8	3428
8664	62	0	8	3428
8665	62	0	8	3428
8666	62	0	8	3428
8667	62	0	8	3428
8668	62	0	8	3428
8669	62	0	8	3428
8670	0	0	8	-366
8671	0	0	8	-366
8672	0	0	8	-366
8673	0	0	8	-366
8674	0	0	8	-366
8675	0	0	8	-366
8676	0	0	8	-366
8677	0	0	8	-366
8678	0	0	8	-366
8679	0	0	8	-366
8680	0	0	8	-366
8681	0	0	8	-366
8682	0	0	8	-366
8683	0	0	8	-366
8684	0	0	8	-366
8685	0	0	8	-366
8686	0	0	8	-366
8687	1	0	256	1377
8688	0	0	8	-366
8689	62	0	8	3428
8690	62	0	8	3428
8691	62	0	8	3428
8692	62	0	8	3428
8693	62	0	8	3428
8694	62	0	8	3428
8695	62	0	8	3428
8696	62	0	8	3428
8697	62	0	8	3428
8698	62	0	8	3428
8699	62	0	8	3428
8700	62	0	8	3428
8701	62	0	8	3428
8702	62	0	8	3428
8703	62	0	8	3428
8704	62	0	8	3428
8705	62	0	8	3428
8706	62	0	8	3428
8707	62	0	8	3428
8708	62	0	8	3428
8709	62	0	8	3428
8710	62	0	8	3428
8711	62	0	8	3428
8712	62	0	8	3428
8713	0	0	8	-366
8714	0	0	8	-366
8715	0	0	8	-366
8716	0	0	8	-366
8717	0	0	8	-366
8718	0	0	8	-366
8719	0	0	8	-366
8720	0	0	8	-366
8721	0	0	8	-366
8722	0	0	8	-366
8723	0	0	8	-366
8724	0	0	8	-366
8725	0	0	8	-366
8726	0	0	8	-366
8727	0	0	8	-366
8728	0	0	64	440
8729	62	0	64	16
8730	62	0	64	2677
8731	1	0	0	1377
8732	0	0	8	1377
8733	0	0	64	1417
8734	0	0	64	141
8735	62	0	64	493
8736	62	0	66	493
8737	1	0	256	1377
8738	1	0	256	1377
8739	1	0	256	1377
8740	1	0	0	1377
8741	0	0	64	493
8742	0	0	64	440
8743	82	0	64	1377
8744	0	0	8	-22
8745	0	0	0	1377
8746	0	0	0	-22
8747	0	0	0	440
8748	0	0	64	440
8749	0	0	64	440
8750	0	0	64	440
8751	0	0	64	440
8752	0	0	0	440
8753	0	0	64	440
8754	0	0	64	440
8755	0	0	64	440
8756	0	0	64	440
8757	0	0	0	440
8758	0	0	64	440
8759	0	0	64	440
8760	0	0	64	440
8761	0	0	64	440
8762	0	0	0	-22
8763	0	0	0	-22
8764	0	0	64	440
8765	0	0	64	440
8766	0	0	64	440
8767	0	0	8	-22
8768	0	0	8	-22
8769	0	0	8	-22
8770	1	0	256	1377
8771	1	0	256	1377
8772	1	0	256	1377
8773	1	0	256	1377
8774	1	0	256	1377
8775	1	0	256	1377
8776	1	0	256	1377
8777	1	0	256	1377
8778	0	0	256	1377
8779	0	0	256	1377
8780	0	0	256	1377
8781	0	0	256	1377
8782	0	0	256	1377
8783	0	0	256	1377
8784	0	0	320	3428
8785	0	0	256	1377
8786	0	0	0	1377
8787	0	0	256	1377
8788	0	0	8	-22
8789	62	0	328	3428
8790	62	0	328	3428
8791	62	0	64	3429
8792	0	0	8	-365
8793	0	0	8	-365
8794	0	0	8	-365
8795	0	0	8	-365
8796	0	0	8	-365
8797	0	0	8	-365
8798	0	0	0	618
8799	0	0	0	-22
8800	0	0	0	1377
8801	0	0	64	3428
8802	0	0	64	3428
8803	0	0	8	-22
8804	0	0	256	1377
8805	0	0	256	1377
8806	0	0	0	1377
8807	0	0	256	1377
8808	0	0	256	1377
8809	0	0	256	1377
8810	0	0	256	1377
8811	0	0	0	-367
8812	0	0	0	-367
8813	0	0	0	-367
8814	0	0	0	-367
8815	0	0	0	-367
8816	0	0	0	-367
8817	0	0	0	-367
8818	0	0	0	-367
8819	0	0	0	-367
8820	0	0	0	-367
8821	0	0	0	-367
8822	0	0	0	-367
8823	0	0	0	-367
8824	0	0	0	-367
8825	0	0	0	-367
8826	0	0	0	-367
8827	0	0	8	-22
8828	0	0	8	-22
8829	1	0	256	1377
8830	0	0	0	-367
8831	0	0	0	-367
8832	0	0	0	-367
8833	0	0	0	-367
8834	0	0	0	-367
8835	0	0	0	-367
8836	0	0	0	-367
8837	0	0	0	-367
8838	0	0	0	-367
8839	0	0	0	-367
8840	0	0	0	-367
8841	0	0	0	-367
8842	0	0	0	-367
8843	0	0	0	-367
8844	0	0	0	-367
8845	0	0	0	-367
8846	0	0	0	-365
8847	0	0	0	-365
8848	0	0	0	-365
8849	0	0	0	-365
8850	0	0	0	-365
8851	0	0	0	-365
8852	0	0	0	-365
8853	0	0	0	-365
8854	0	0	0	-365
8855	0	0	0	-365
8856	0	0	256	1377
8857	0	0	64	1377
8858	0	0	64	1377
8859	0	0	64	1377
8860	0	0	0	-22
8861	0	0	0	-22
8862	0	0	0	-366
8863	0	0	0	-366
8864	0	0	0	-366
8865	0	0	0	-366
8866	0	0	8	-366
8867	0	0	8	-366
8868	62	0	74	-366
8869	81	0	8	-121
8870	0	0	8	-366
8871	0	0	8	-366
8872	0	0	8	-366
8873	0	0	8	-366
8874	0	0	8	-366
8875	0	0	8	-366
8876	0	0	0	-366
8877	0	0	0	-366
8878	0	0	0	-366
8879	0	0	0	-366
8880	0	0	0	-366
8881	0	0	0	-366
8882	0	0	0	-366
8883	0	0	8	-366
8893	0	0	264	440
8897	0	0	0	-22
8898	0	0	0	-22
8899	0	0	0	-22
8900	0	0	0	-22
8901	0	0	0	-22
8902	0	0	0	-22
8903	0	0	8	-22
8904	0	0	8	-22
8905	81	0	264	1537
8906	81	0	264	1537
8907	81	0	264	1537
8908	81	0	264	1537
8909	81	0	264	1537
8910	81	0	264	1537
8911	81	0	264	1537
8912	81	0	264	1537
8913	81	0	264	1637
8914	81	0	264	1637
8915	81	0	264	1637
8916	81	0	264	1637
8917	81	0	264	1637
8918	81	0	264	1637
8919	81	0	264	1637
8920	81	0	8	1637
8921	0	0	264	440
8922	0	0	0	440
8923	0	0	0	440
8924	0	0	0	440
8925	0	0	8	440
8926	81	0	8	1537
8927	81	0	8	1637
8928	1	0	8	440
8929	0	0	0	139
8930	0	0	0	139
8931	81	0	8	1537
8932	81	0	8	1537
8933	81	0	8	1537
8934	81	0	8	1537
8935	81	0	8	1537
8936	81	0	8	1537
8937	81	0	8	1537
8938	81	0	8	1637
8939	81	0	8	1637
8940	81	0	8	1637
8941	81	0	8	1637
8942	81	0	8	1637
8943	81	0	8	1637
8944	81	0	8	1637
8945	81	0	8	2017
8946	0	0	0	139
8947	0	0	8	139
8948	81	0	0	2557
8949	81	0	8	2557
8950	81	0	8	2557
8951	81	0	0	1537
8952	81	0	0	1537
8953	81	0	0	1537
8954	81	0	0	1537
8955	81	0	0	1537
8956	81	0	0	1537
8957	81	0	0	1637
8958	81	0	0	1537
8959	81	0	0	1537
8960	0	0	8	25
8961	62	0	72	25
8962	1	0	8	25
8963	1	0	8	25
8964	1	0	8	25
8965	1	0	8	25
8966	81	0	0	1583
8967	81	0	0	2557
8968	81	0	0	2017
8969	81	0	0	2057
8970	1	0	0	2079
8977	0	0	0	1537
8978	0	0	0	1637
8979	0	0	8	-22
8980	0	0	8	-22
8981	0	0	8	-22
8982	0	0	8	-22
8983	0	0	8	-22
8984	0	0	8	-22
8985	1	0	8	25
8986	1	0	8	25
8987	1	0	8	25
8988	1	0	8	25
8989	81	0	0	1583
8990	81	0	0	2557
8991	81	0	0	2017
8992	81	0	0	2057
8993	0	0	8	-22
8994	62	0	64	25
8995	62	0	64	1583
8996	0	0	8	25
8997	0	0	8	1537
8998	0	0	8	1637
8999	81	0	8	1537
9000	81	0	8	1537
9001	81	0	8	1537
9002	81	0	8	1537
9003	81	0	8	1537
9004	81	0	8	1537
9005	81	0	8	1537
9006	81	0	8	1537
9007	81	0	8	1637
9008	81	0	8	1637
9009	81	0	8	1637
9010	81	0	8	1637
9011	81	0	8	1637
9012	81	0	8	1637
9013	81	0	8	1637
9014	81	0	8	1637
9015	81	0	0	1584
9016	81	0	0	1637
9017	81	0	0	1637
9018	81	0	0	1637
9019	81	0	0	1637
9020	81	0	0	1637
9021	81	0	0	1637
9022	81	0	0	1637
9023	62	0	72	1377
9024	0	0	8	-22
9025	0	0	8	-22
9026	0	0	8	-22
9027	0	0	8	-22
9028	0	0	8	-22
9029	0	0	8	-22
9032	0	0	8	25
9033	62	0	72	3456
9034	62	0	64	3456
9036	62	0	64	3456
9037	62	0	64	3456
9038	62	0	64	3456
9039	62	0	64	3456
9040	62	0	64	3456
9041	62	0	64	3456
9042	62	0	64	3456
9043	62	0	64	3456
9044	62	0	64	3456
9045	62	0	64	3456
9046	62	0	64	3456
9047	62	0	64	3456
9048	62	0	64	3456
9049	62	0	64	3456
9050	62	0	64	3456
9051	1	0	2	-263
9052	0	0	0	-263
9053	81	0	0	-263
9054	62	0	64	3456
9055	62	0	64	3456
9056	62	0	64	3456
9057	62	0	64	3456
9058	62	0	64	3456
9059	62	0	64	3456
9060	62	0	64	3456
9061	62	0	64	3456
9063	0	0	0	-263
9068	62	0	64	3456
9069	62	0	64	3456
9070	62	0	64	3456
9071	62	0	64	3456
9072	62	0	64	3456
9073	62	0	64	3456
9074	62	0	64	3456
9075	62	0	64	3456
9077	62	0	64	3456
9078	62	0	64	3456
9079	62	0	64	3456
9080	62	0	64	3456
9081	62	0	64	3456
9082	62	0	64	3456
9083	62	0	64	3456
9084	62	0	64	3456
9085	1	0	8	-368
9086	62	0	64	3456
9087	62	0	64	3456
9088	62	0	64	3456
9089	62	0	64	3456
9090	62	0	64	3456
9091	62	0	64	3456
9092	62	0	64	3456
9093	62	0	64	3456
9094	0	0	8	-368
9095	62	0	64	3456
9096	62	0	64	3456
9097	62	0	64	3456
9098	62	0	64	3456
9099	62	0	64	3456
9100	62	0	64	3456
9101	62	0	64	3456
9102	62	0	64	3456
9103	62	0	64	3456
9104	62	0	64	3456
9105	62	0	64	3456
9106	62	0	64	3456
9107	62	0	64	3456
9108	62	0	64	3456
9109	62	0	64	3456
9110	62	0	64	3456
9111	62	0	64	3456
9112	62	0	64	3456
9113	62	0	64	3456
9114	62	0	64	3456
9115	62	0	64	3456
9116	62	0	64	3456
9117	62	0	64	3456
9118	62	0	64	3456
9120	0	0	64	3456
9121	0	0	8	139
9122	0	0	8	139
9123	0	0	8	139
9124	0	0	72	139
9125	0	0	64	139
9126	0	0	72	139
9127	0	0	64	139
9128	0	0	72	139
9129	0	0	64	139
9131	0	0	72	139
9132	0	0	64	139
9136	0	0	72	139
9137	0	0	64	139
9141	0	0	64	139
9142	0	0	64	139
9153	0	0	8	-368
9154	0	0	0	-368
9165	0	0	64	139
9178	0	0	64	139
9179	0	0	64	139
9181	0	0	64	139
9182	0	0	64	139
9183	0	0	64	139
9184	0	0	64	139
9185	0	0	64	139
9186	0	0	64	139
9187	0	0	64	139
9188	0	0	64	139
9190	0	0	64	139
9191	0	0	64	139
9194	0	0	64	139
9195	0	0	64	139
9196	0	0	64	139
9197	0	0	64	139
9198	0	0	64	139
9200	0	0	64	139
9201	0	0	64	139
9202	0	0	64	139
9203	0	0	64	139
9204	0	0	64	139
9205	0	0	64	139
9206	0	0	64	139
9208	62	0	64	1977
9209	62	0	64	1977
9210	62	0	64	1977
9211	0	0	64	139
9213	0	0	64	139
9221	0	0	72	139
9222	0	0	72	139
9223	0	0	72	139
9224	0	0	72	139
9225	0	0	72	139
9226	0	0	72	139
9227	0	0	72	139
9228	0	0	72	139
9229	62	0	64	3456
9230	62	0	64	3456
9232	62	0	328	3456
9233	62	0	64	3456
9234	62	0	64	3456
9235	62	0	64	3456
9236	62	0	64	3456
9237	62	0	64	3456
9238	62	0	64	3456
9239	62	0	64	3456
9240	62	0	64	3456
9241	62	0	64	3456
9242	62	0	64	3456
9243	62	0	64	3456
9244	62	0	64	3456
9245	62	0	64	3456
9246	62	0	64	3456
9247	0	0	0	-368
9248	0	0	72	1377
9250	62	0	64	-344
9251	62	0	64	-344
9257	81	0	0	-344
9259	0	0	8	33
9260	0	0	12	-368
9261	0	0	12	-368
9262	0	0	12	-368
9263	0	0	12	-368
9264	0	0	12	-368
9265	0	0	12	-368
9266	0	0	8	618
9267	0	0	0	17
9268	0	0	8	440
9269	81	0	0	-344
9270	81	0	0	-344
9271	81	0	0	-344
9272	0	0	8	33
9292	0	0	0	-368
9295	0	0	0	-368
9299	0	0	0	-368
9300	0	0	0	-368
9301	0	0	0	-368
9302	0	0	0	-368
9304	0	0	0	-368
9310	0	0	0	-368
9317	0	0	8	-368
9318	0	0	8	-368
9319	0	0	8	-369
9320	0	0	8	-368
9321	0	0	8	0
9322	0	0	8	-369
9323	0	0	8	-369
9324	0	0	0	-369
9325	0	0	0	-369
9326	0	0	0	-369
9330	0	0	0	-369
9331	0	0	0	-369
9332	0	0	0	-369
9333	0	0	8	-368
9334	0	0	8	-368
9335	0	0	8	-368
9336	0	0	8	-368
9337	0	0	8	-368
9338	0	0	0	1377
9339	0	0	8	-369
9341	0	0	8	-368
9343	0	0	8	-368
9362	0	0	8	-161
9364	0	0	0	-161
9365	0	0	8	-369
9367	0	0	8	-369
9368	0	0	8	-369
9378	0	0	1024	139
9386	0	0	8	-369
9388	0	0	8	-369
9389	0	0	8	-369
9415	0	0	8	1377
9416	0	0	8	1377
9419	41	0	72	1377
9422	41	0	72	1377
9664	41	0	72	139
9665	41	0	72	139
